EDC3_gas_a (yr),CO2 (ppmv),source
137,280.4,Dome C (Monnin et al. 2001) measured at University of Bern
268,274.9,Dome C (Monnin et al. 2001) measured at University of Bern
279,277.9,Dome C (Monnin et al. 2001) measured at University of Bern
395,279.1,Dome C (Monnin et al. 2001) measured at University of Bern
404,281.9,Dome C (Monnin et al. 2001) measured at University of Bern
485,277.7,Dome C (Monnin et al. 2001) measured at University of Bern
559,281.1,Dome C (Monnin et al. 2001) measured at University of Bern
672,282.2,Dome C (Monnin et al. 2001) measured at University of Bern
754,280.1,Dome C (Monnin et al. 2001) measured at University of Bern
877,278.4,Dome C (Monnin et al. 2001) measured at University of Bern
950,276.6,Dome C (Monnin et al. 2001) measured at University of Bern
1060,279.1,Dome C (Monnin et al. 2001) measured at University of Bern
1153,277.7,Dome C (Monnin et al. 2001) measured at University of Bern
1233,278.7,Dome C (Monnin et al. 2001) measured at University of Bern
1350,277.4,Dome C (Monnin et al. 2001) measured at University of Bern
1453,279.2,Dome C (Monnin et al. 2001) measured at University of Bern
1552,280,Dome C (Monnin et al. 2001) measured at University of Bern
1638,278.9,Dome C (Monnin et al. 2001) measured at University of Bern
1733,278.7,Dome C (Monnin et al. 2001) measured at University of Bern
1812,278,Dome C (Monnin et al. 2001) measured at University of Bern
1931,276.9,Dome C (Monnin et al. 2001) measured at University of Bern
2057,276.7,Dome C (Monnin et al. 2001) measured at University of Bern
2128,276.7,Dome C (Monnin et al. 2001) measured at University of Bern
2212,277.6,Dome C (Monnin et al. 2001) measured at University of Bern
2334,277.9,Dome C (Monnin et al. 2001) measured at University of Bern
2433,273.9,Dome C (Monnin et al. 2001) measured at University of Bern
2536,278.9,Dome C (Monnin et al. 2001) measured at University of Bern
2604,275.3,Dome C (Monnin et al. 2001) measured at University of Bern
2728,274.7,Dome C (Monnin et al. 2001) measured at University of Bern
2806,276.3,Dome C (Monnin et al. 2001) measured at University of Bern
2902,274.6,Dome C (Monnin et al. 2001) measured at University of Bern
3053,276.3,Dome C (Monnin et al. 2001) measured at University of Bern
3116,273.1,Dome C (Monnin et al. 2001) measured at University of Bern
3215,274,Dome C (Monnin et al. 2001) measured at University of Bern
3336,275,Dome C (Monnin et al. 2001) measured at University of Bern
3453,273.4,Dome C (Monnin et al. 2001) measured at University of Bern
3523,273,Dome C (Monnin et al. 2001) measured at University of Bern
3622,271.5,Dome C (Monnin et al. 2001) measured at University of Bern
3721,275.4,Dome C (Monnin et al. 2001) measured at University of Bern
3790,274.9,Dome C (Monnin et al. 2001) measured at University of Bern
3910,271.7,Dome C (Monnin et al. 2001) measured at University of Bern
4004,271.6,Dome C (Monnin et al. 2001) measured at University of Bern
4096,272.8,Dome C (Monnin et al. 2001) measured at University of Bern
4161,271.5,Dome C (Monnin et al. 2001) measured at University of Bern
4324,271.1,Dome C (Monnin et al. 2001) measured at University of Bern
4374,269.1,Dome C (Monnin et al. 2001) measured at University of Bern
4480,269.8,Dome C (Monnin et al. 2001) measured at University of Bern
4573,271.5,Dome C (Monnin et al. 2001) measured at University of Bern
4703,270.7,Dome C (Monnin et al. 2001) measured at University of Bern
4766,269.3,Dome C (Monnin et al. 2001) measured at University of Bern
4874,268.6,Dome C (Monnin et al. 2001) measured at University of Bern
5004,269.8,Dome C (Monnin et al. 2001) measured at University of Bern
5094,267.6,Dome C (Monnin et al. 2001) measured at University of Bern
5160,265.3,Dome C (Monnin et al. 2001) measured at University of Bern
5274,265.2,Dome C (Monnin et al. 2001) measured at University of Bern
5370,267.6,Dome C (Monnin et al. 2001) measured at University of Bern
5476,265.9,Dome C (Monnin et al. 2001) measured at University of Bern
5562,265.5,Dome C (Monnin et al. 2001) measured at University of Bern
5657,260.7,Dome C (Monnin et al. 2001) measured at University of Bern
5716,266.7,Dome C (Monnin et al. 2001) measured at University of Bern
5855,265.5,Dome C (Monnin et al. 2001) measured at University of Bern
5998,263.2,Dome C (Monnin et al. 2001) measured at University of Bern
6039,262.7,Dome C (Monnin et al. 2001) measured at University of Bern
6131,261.2,Dome C (Monnin et al. 2001) measured at University of Bern
6263,261.1,Dome C (Monnin et al. 2001) measured at University of Bern
6354,259.4,Dome C (Monnin et al. 2001) measured at University of Bern
6434,262.1,Dome C (Monnin et al. 2001) measured at University of Bern
6545,262.9,Dome C (Monnin et al. 2001) measured at University of Bern
6617,258.1,Dome C (Monnin et al. 2001) measured at University of Bern
6713,257.6,Dome C (Monnin et al. 2001) measured at University of Bern
6838,262.3,Dome C (Monnin et al. 2001) measured at University of Bern
6941,263,Dome C (Monnin et al. 2001) measured at University of Bern
7028,260.7,Dome C (Monnin et al. 2001) measured at University of Bern
7112,258.4,Dome C (Monnin et al. 2001) measured at University of Bern
7234,260.1,Dome C (Monnin et al. 2001) measured at University of Bern
7320,260.4,Dome C (Monnin et al. 2001) measured at University of Bern
7413,259.7,Dome C (Monnin et al. 2001) measured at University of Bern
7507,259.2,Dome C (Monnin et al. 2001) measured at University of Bern
7590,260.8,Dome C (Monnin et al. 2001) measured at University of Bern
7691,259.6,Dome C (Monnin et al. 2001) measured at University of Bern
7781,259.3,Dome C (Monnin et al. 2001) measured at University of Bern
7876,258.3,Dome C (Monnin et al. 2001) measured at University of Bern
7990,261.3,Dome C (Monnin et al. 2001) measured at University of Bern
8050,260.7,Dome C (Monnin et al. 2001) measured at University of Bern
8181,261.8,Dome C (Monnin et al. 2001) measured at University of Bern
8281,259,Dome C (Monnin et al. 2001) measured at University of Bern
8387,260.9,Dome C (Monnin et al. 2001) measured at University of Bern
8477,260.4,Dome C (Monnin et al. 2001) measured at University of Bern
8579,259.3,Dome C (Monnin et al. 2001) measured at University of Bern
8653,262,Dome C (Monnin et al. 2001) measured at University of Bern
8784,263.7,Dome C (Monnin et al. 2001) measured at University of Bern
8869,263.8,Dome C (Monnin et al. 2001) measured at University of Bern
8973,265.2,Dome C (Monnin et al. 2001) measured at University of Bern
9092,260.6,Dome C (Monnin et al. 2001) measured at University of Bern
9140,260.9,Dome C (Monnin et al. 2001) measured at University of Bern
9232,263,Dome C (Monnin et al. 2001) measured at University of Bern
9317,263.8,Dome C (Monnin et al. 2001) measured at University of Bern
9536,264.4,Dome C (Monnin et al. 2001) measured at University of Bern
9597,264.2,Dome C (Monnin et al. 2001) measured at University of Bern
9721,264,Dome C (Monnin et al. 2001) measured at University of Bern
9807,263.4,Dome C (Monnin et al. 2001) measured at University of Bern
9909,265.7,Dome C (Monnin et al. 2001) measured at University of Bern
9983,264.9,Dome C (Monnin et al. 2001) measured at University of Bern
10088,267.5,Dome C (Monnin et al. 2001) measured at University of Bern
10209,266.9,Dome C (Monnin et al. 2001) measured at University of Bern
10294,266,Dome C (Monnin et al. 2001) measured at University of Bern
10417,265.1,Dome C (Monnin et al. 2001) measured at University of Bern
10527,267.6,Dome C (Monnin et al. 2001) measured at University of Bern
10621,264.8,Dome C (Monnin et al. 2001) measured at University of Bern
10744,264.8,Dome C (Monnin et al. 2001) measured at University of Bern
10805,265,Dome C (Monnin et al. 2001) measured at University of Bern
10827,265.3,Dome C (Monnin et al. 2001) measured at University of Bern
10895,264.4,Dome C (Monnin et al. 2001) measured at University of Bern
10933,264.1,Dome C (Monnin et al. 2001) measured at University of Bern
11014,264.2,Dome C (Monnin et al. 2001) measured at University of Bern
11087,264.5,Dome C (Monnin et al. 2001) measured at University of Bern
11136,264,Dome C (Monnin et al. 2001) measured at University of Bern
11201,263,Dome C (Monnin et al. 2001) measured at University of Bern
11236,265.2,Dome C (Monnin et al. 2001) measured at University of Bern
11278,258.8,Dome C (Monnin et al. 2001) measured at University of Bern
11338,260.8,Dome C (Monnin et al. 2001) measured at University of Bern
11392,255.4,Dome C (Monnin et al. 2001) measured at University of Bern
11436,253.9,Dome C (Monnin et al. 2001) measured at University of Bern
11469,253.8,Dome C (Monnin et al. 2001) measured at University of Bern
11580,250.7,Dome C (Monnin et al. 2001) measured at University of Bern
11635,249.7,Dome C (Monnin et al. 2001) measured at University of Bern
11676,251.1,Dome C (Monnin et al. 2001) measured at University of Bern
11727,250.7,Dome C (Monnin et al. 2001) measured at University of Bern
11819,245.3,Dome C (Monnin et al. 2001) measured at University of Bern
11896,245.3,Dome C (Monnin et al. 2001) measured at University of Bern
11958,246.6,Dome C (Monnin et al. 2001) measured at University of Bern
12050,243.2,Dome C (Monnin et al. 2001) measured at University of Bern
12122,240.3,Dome C (Monnin et al. 2001) measured at University of Bern
12371,237.5,Dome C (Monnin et al. 2001) measured at University of Bern
12496,237.6,Dome C (Monnin et al. 2001) measured at University of Bern
12642,234.2,Dome C (Monnin et al. 2001) measured at University of Bern
12760,238.3,Dome C (Monnin et al. 2001) measured at University of Bern
12942,237.3,Dome C (Monnin et al. 2001) measured at University of Bern
13090,237.9,Dome C (Monnin et al. 2001) measured at University of Bern
13241,237.6,Dome C (Monnin et al. 2001) measured at University of Bern
13440,236.4,Dome C (Monnin et al. 2001) measured at University of Bern
13542,239.2,Dome C (Monnin et al. 2001) measured at University of Bern
13653,238.6,Dome C (Monnin et al. 2001) measured at University of Bern
13804,238.6,Dome C (Monnin et al. 2001) measured at University of Bern
13948,239.1,Dome C (Monnin et al. 2001) measured at University of Bern
14303,228.5,Dome C (Monnin et al. 2001) measured at University of Bern
14550,228.4,Dome C (Monnin et al. 2001) measured at University of Bern
14725,226.1,Dome C (Monnin et al. 2001) measured at University of Bern
14890,225.2,Dome C (Monnin et al. 2001) measured at University of Bern
15012,224.5,Dome C (Monnin et al. 2001) measured at University of Bern
15233,222,Dome C (Monnin et al. 2001) measured at University of Bern
15438,221,Dome C (Monnin et al. 2001) measured at University of Bern
15570,220.9,Dome C (Monnin et al. 2001) measured at University of Bern
15742,219.4,Dome C (Monnin et al. 2001) measured at University of Bern
15886,214,Dome C (Monnin et al. 2001) measured at University of Bern
16073,207.5,Dome C (Monnin et al. 2001) measured at University of Bern
16260,207.7,Dome C (Monnin et al. 2001) measured at University of Bern
16452,202.9,Dome C (Monnin et al. 2001) measured at University of Bern
16659,200.8,Dome C (Monnin et al. 2001) measured at University of Bern
16870,195.2,Dome C (Monnin et al. 2001) measured at University of Bern
17111,193.9,Dome C (Monnin et al. 2001) measured at University of Bern
17375,191,Dome C (Monnin et al. 2001) measured at University of Bern
17565,188.5,Dome C (Monnin et al. 2001) measured at University of Bern
17809,188.5,Dome C (Monnin et al. 2001) measured at University of Bern
17943,189.2,Dome C (Monnin et al. 2001) measured at University of Bern
18285,187,Dome C (Monnin et al. 2001) measured at University of Bern
18541,188.6,Dome C (Monnin et al. 2001) measured at University of Bern
18828,189.4,Dome C (Monnin et al. 2001) measured at University of Bern
18868,192.3,Dome C (Monnin et al. 2001) measured at University of Bern
18921,188.3,Dome C (Monnin et al. 2001) measured at University of Bern
19347,188.7,Dome C (Monnin et al. 2001) measured at University of Bern
19509,188.8,Dome C (Monnin et al. 2001) measured at University of Bern
19748,190,Dome C (Monnin et al. 2001) measured at University of Bern
19988,188,Dome C (Monnin et al. 2001) measured at University of Bern
20168,188.2,Dome C (Monnin et al. 2001) measured at University of Bern
20197,195,Dome C (Monnin et al. 2001) measured at University of Bern
20502,187.8,Dome C (Monnin et al. 2001) measured at University of Bern
20748,186.9,Dome C (Monnin et al. 2001) measured at University of Bern
21011,186.5,Dome C (Monnin et al. 2001) measured at University of Bern
21257,184.7,Dome C (Monnin et al. 2001) measured at University of Bern
21507,186.1,Dome C (Monnin et al. 2001) measured at University of Bern
21854,185.7,Dome C (Monnin et al. 2001) measured at University of Bern
22015,184.4,Dome C (Monnin et al. 2001) measured at University of Bern
22827,189.2,Vostok (Petit et al. 1999; Pepin et al. 2001; Raynaud et al. 2005) measured at LGGE in Grenoble
25994,191.6,Vostok (Petit et al. 1999; Pepin et al. 2001; Raynaud et al. 2005) measured at LGGE in Grenoble
29063,188.5,Vostok (Petit et al. 1999; Pepin et al. 2001; Raynaud et al. 2005) measured at LGGE in Grenoble
30020,191.7,Vostok (Petit et al. 1999; Pepin et al. 2001; Raynaud et al. 2005) measured at LGGE in Grenoble
35009,205.3,Vostok (Petit et al. 1999; Pepin et al. 2001; Raynaud et al. 2005) measured at LGGE in Grenoble
37471,209.1,Vostok (Petit et al. 1999; Pepin et al. 2001; Raynaud et al. 2005) measured at LGGE in Grenoble
43500,209.1,Vostok (Petit et al. 1999; Pepin et al. 2001; Raynaud et al. 2005) measured at LGGE in Grenoble
47336,189.3,Vostok (Petit et al. 1999; Pepin et al. 2001; Raynaud et al. 2005) measured at LGGE in Grenoble
48854,188.4,Vostok (Petit et al. 1999; Pepin et al. 2001; Raynaud et al. 2005) measured at LGGE in Grenoble
49690,210.1,Vostok (Petit et al. 1999; Pepin et al. 2001; Raynaud et al. 2005) measured at LGGE in Grenoble
50663,215.7,Vostok (Petit et al. 1999; Pepin et al. 2001; Raynaud et al. 2005) measured at LGGE in Grenoble
52382,190.4,Vostok (Petit et al. 1999; Pepin et al. 2001; Raynaud et al. 2005) measured at LGGE in Grenoble
57088,221.7,Vostok (Petit et al. 1999; Pepin et al. 2001; Raynaud et al. 2005) measured at LGGE in Grenoble
57657,210.4,Vostok (Petit et al. 1999; Pepin et al. 2001; Raynaud et al. 2005) measured at LGGE in Grenoble
62859,195.3,Vostok (Petit et al. 1999; Pepin et al. 2001; Raynaud et al. 2005) measured at LGGE in Grenoble
64939,191.4,Vostok (Petit et al. 1999; Pepin et al. 2001; Raynaud et al. 2005) measured at LGGE in Grenoble
65939,194.9,Vostok (Petit et al. 1999; Pepin et al. 2001; Raynaud et al. 2005) measured at LGGE in Grenoble
71049,227.3,Vostok (Petit et al. 1999; Pepin et al. 2001; Raynaud et al. 2005) measured at LGGE in Grenoble
73227,229.1,Vostok (Petit et al. 1999; Pepin et al. 2001; Raynaud et al. 2005) measured at LGGE in Grenoble
77150,217.1,Vostok (Petit et al. 1999; Pepin et al. 2001; Raynaud et al. 2005) measured at LGGE in Grenoble
78183,221.7,Vostok (Petit et al. 1999; Pepin et al. 2001; Raynaud et al. 2005) measured at LGGE in Grenoble
80614,230.9,Vostok (Petit et al. 1999; Pepin et al. 2001; Raynaud et al. 2005) measured at LGGE in Grenoble
82417,241.1,Vostok (Petit et al. 1999; Pepin et al. 2001; Raynaud et al. 2005) measured at LGGE in Grenoble
83333,236.4,Vostok (Petit et al. 1999; Pepin et al. 2001; Raynaud et al. 2005) measured at LGGE in Grenoble
84016,228,Vostok (Petit et al. 1999; Pepin et al. 2001; Raynaud et al. 2005) measured at LGGE in Grenoble
85020,214.2,Vostok (Petit et al. 1999; Pepin et al. 2001; Raynaud et al. 2005) measured at LGGE in Grenoble
86181,217,Vostok (Petit et al. 1999; Pepin et al. 2001; Raynaud et al. 2005) measured at LGGE in Grenoble
87917,208,Vostok (Petit et al. 1999; Pepin et al. 2001; Raynaud et al. 2005) measured at LGGE in Grenoble
90357,224.2,Vostok (Petit et al. 1999; Pepin et al. 2001; Raynaud et al. 2005) measured at LGGE in Grenoble
91249,228.3,Vostok (Petit et al. 1999; Pepin et al. 2001; Raynaud et al. 2005) measured at LGGE in Grenoble
94353,232,Vostok (Petit et al. 1999; Pepin et al. 2001; Raynaud et al. 2005) measured at LGGE in Grenoble
99849,225.8,Vostok (Petit et al. 1999; Pepin et al. 2001; Raynaud et al. 2005) measured at LGGE in Grenoble
100837,230.8,Vostok (Petit et al. 1999; Pepin et al. 2001; Raynaud et al. 2005) measured at LGGE in Grenoble
101749,236.9,Vostok (Petit et al. 1999; Pepin et al. 2001; Raynaud et al. 2005) measured at LGGE in Grenoble
103465,228.1,Vostok (Petit et al. 1999; Pepin et al. 2001; Raynaud et al. 2005) measured at LGGE in Grenoble
104704,236.9,Vostok (Petit et al. 1999; Pepin et al. 2001; Raynaud et al. 2005) measured at LGGE in Grenoble
105636,230.6,Vostok (Petit et al. 1999; Pepin et al. 2001; Raynaud et al. 2005) measured at LGGE in Grenoble
107579,238.2,Vostok (Petit et al. 1999; Pepin et al. 2001; Raynaud et al. 2005) measured at LGGE in Grenoble
108153,245.6,Vostok (Petit et al. 1999; Pepin et al. 2001; Raynaud et al. 2005) measured at LGGE in Grenoble
109804,251.2,Vostok (Petit et al. 1999; Pepin et al. 2001; Raynaud et al. 2005) measured at LGGE in Grenoble
111862,256.7,Vostok (Petit et al. 1999; Pepin et al. 2001; Raynaud et al. 2005) measured at LGGE in Grenoble
113262,266.3,Vostok (Petit et al. 1999; Pepin et al. 2001; Raynaud et al. 2005) measured at LGGE in Grenoble
114096,261.4,Vostok (Petit et al. 1999; Pepin et al. 2001; Raynaud et al. 2005) measured at LGGE in Grenoble
114601,274.5,Vostok (Petit et al. 1999; Pepin et al. 2001; Raynaud et al. 2005) measured at LGGE in Grenoble
115118,273.2,Vostok (Petit et al. 1999; Pepin et al. 2001; Raynaud et al. 2005) measured at LGGE in Grenoble
116501,262.5,Vostok (Petit et al. 1999; Pepin et al. 2001; Raynaud et al. 2005) measured at LGGE in Grenoble
117750,267.6,Vostok (Petit et al. 1999; Pepin et al. 2001; Raynaud et al. 2005) measured at LGGE in Grenoble
118649,273.7,Vostok (Petit et al. 1999; Pepin et al. 2001; Raynaud et al. 2005) measured at LGGE in Grenoble
119672,271.9,Vostok (Petit et al. 1999; Pepin et al. 2001; Raynaud et al. 2005) measured at LGGE in Grenoble
120382,265.2,Vostok (Petit et al. 1999; Pepin et al. 2001; Raynaud et al. 2005) measured at LGGE in Grenoble
121017,277.6,Vostok (Petit et al. 1999; Pepin et al. 2001; Raynaud et al. 2005) measured at LGGE in Grenoble
122344,272.1,Vostok (Petit et al. 1999; Pepin et al. 2001; Raynaud et al. 2005) measured at LGGE in Grenoble
123070,276.4,Vostok (Petit et al. 1999; Pepin et al. 2001; Raynaud et al. 2005) measured at LGGE in Grenoble
124213,268.7,Vostok (Petit et al. 1999; Pepin et al. 2001; Raynaud et al. 2005) measured at LGGE in Grenoble
124257,266.6,Vostok (Petit et al. 1999; Pepin et al. 2001; Raynaud et al. 2005) measured at LGGE in Grenoble
124789,266.3,Vostok (Petit et al. 1999; Pepin et al. 2001; Raynaud et al. 2005) measured at LGGE in Grenoble
125081,279.7,Vostok (Petit et al. 1999; Pepin et al. 2001; Raynaud et al. 2005) measured at LGGE in Grenoble
125262,273,Vostok (Petit et al. 1999; Pepin et al. 2001; Raynaud et al. 2005) measured at LGGE in Grenoble
125434,277.1,Vostok (Petit et al. 1999; Pepin et al. 2001; Raynaud et al. 2005) measured at LGGE in Grenoble
126347,273.7,Vostok (Petit et al. 1999; Pepin et al. 2001; Raynaud et al. 2005) measured at LGGE in Grenoble
126598,267.1,Vostok (Petit et al. 1999; Pepin et al. 2001; Raynaud et al. 2005) measured at LGGE in Grenoble
126886,262.5,Vostok (Petit et al. 1999; Pepin et al. 2001; Raynaud et al. 2005) measured at LGGE in Grenoble
127132,262.6,Vostok (Petit et al. 1999; Pepin et al. 2001; Raynaud et al. 2005) measured at LGGE in Grenoble
127622,275.3,Vostok (Petit et al. 1999; Pepin et al. 2001; Raynaud et al. 2005) measured at LGGE in Grenoble
127907,275.6,Vostok (Petit et al. 1999; Pepin et al. 2001; Raynaud et al. 2005) measured at LGGE in Grenoble
128344,274,Vostok (Petit et al. 1999; Pepin et al. 2001; Raynaud et al. 2005) measured at LGGE in Grenoble
128372,287.1,Vostok (Petit et al. 1999; Pepin et al. 2001; Raynaud et al. 2005) measured at LGGE in Grenoble
128609,286.8,Vostok (Petit et al. 1999; Pepin et al. 2001; Raynaud et al. 2005) measured at LGGE in Grenoble
128866,282.6,Vostok (Petit et al. 1999; Pepin et al. 2001; Raynaud et al. 2005) measured at LGGE in Grenoble
129146,264.1,Vostok (Petit et al. 1999; Pepin et al. 2001; Raynaud et al. 2005) measured at LGGE in Grenoble
129340,263.4,Vostok (Petit et al. 1999; Pepin et al. 2001; Raynaud et al. 2005) measured at LGGE in Grenoble
129652,257.9,Vostok (Petit et al. 1999; Pepin et al. 2001; Raynaud et al. 2005) measured at LGGE in Grenoble
129736,259,Vostok (Petit et al. 1999; Pepin et al. 2001; Raynaud et al. 2005) measured at LGGE in Grenoble
131329,245,Vostok (Petit et al. 1999; Pepin et al. 2001; Raynaud et al. 2005) measured at LGGE in Grenoble
131455,240.4,Vostok (Petit et al. 1999; Pepin et al. 2001; Raynaud et al. 2005) measured at LGGE in Grenoble
131728,228.9,Vostok (Petit et al. 1999; Pepin et al. 2001; Raynaud et al. 2005) measured at LGGE in Grenoble
132492,223.5,Vostok (Petit et al. 1999; Pepin et al. 2001; Raynaud et al. 2005) measured at LGGE in Grenoble
133069,223.9,Vostok (Petit et al. 1999; Pepin et al. 2001; Raynaud et al. 2005) measured at LGGE in Grenoble
133105,220.3,Vostok (Petit et al. 1999; Pepin et al. 2001; Raynaud et al. 2005) measured at LGGE in Grenoble
133427,210.6,Vostok (Petit et al. 1999; Pepin et al. 2001; Raynaud et al. 2005) measured at LGGE in Grenoble
134123,208.9,Vostok (Petit et al. 1999; Pepin et al. 2001; Raynaud et al. 2005) measured at LGGE in Grenoble
134287,203.7,Vostok (Petit et al. 1999; Pepin et al. 2001; Raynaud et al. 2005) measured at LGGE in Grenoble
134960,204.5,Vostok (Petit et al. 1999; Pepin et al. 2001; Raynaud et al. 2005) measured at LGGE in Grenoble
135114,200.4,Vostok (Petit et al. 1999; Pepin et al. 2001; Raynaud et al. 2005) measured at LGGE in Grenoble
135207,198,Vostok (Petit et al. 1999; Pepin et al. 2001; Raynaud et al. 2005) measured at LGGE in Grenoble
135603,198,Vostok (Petit et al. 1999; Pepin et al. 2001; Raynaud et al. 2005) measured at LGGE in Grenoble
135883,201.7,Vostok (Petit et al. 1999; Pepin et al. 2001; Raynaud et al. 2005) measured at LGGE in Grenoble
136011,200.7,Vostok (Petit et al. 1999; Pepin et al. 2001; Raynaud et al. 2005) measured at LGGE in Grenoble
136251,202.4,Vostok (Petit et al. 1999; Pepin et al. 2001; Raynaud et al. 2005) measured at LGGE in Grenoble
136567,195.8,Vostok (Petit et al. 1999; Pepin et al. 2001; Raynaud et al. 2005) measured at LGGE in Grenoble
136655,201.1,Vostok (Petit et al. 1999; Pepin et al. 2001; Raynaud et al. 2005) measured at LGGE in Grenoble
137293,194.3,Vostok (Petit et al. 1999; Pepin et al. 2001; Raynaud et al. 2005) measured at LGGE in Grenoble
137633,193.4,Vostok (Petit et al. 1999; Pepin et al. 2001; Raynaud et al. 2005) measured at LGGE in Grenoble
137982,194.2,Vostok (Petit et al. 1999; Pepin et al. 2001; Raynaud et al. 2005) measured at LGGE in Grenoble
138185,190.2,Vostok (Petit et al. 1999; Pepin et al. 2001; Raynaud et al. 2005) measured at LGGE in Grenoble
139275,192.3,Vostok (Petit et al. 1999; Pepin et al. 2001; Raynaud et al. 2005) measured at LGGE in Grenoble
139617,196.5,Vostok (Petit et al. 1999; Pepin et al. 2001; Raynaud et al. 2005) measured at LGGE in Grenoble
140899,195.6,Vostok (Petit et al. 1999; Pepin et al. 2001; Raynaud et al. 2005) measured at LGGE in Grenoble
140960,196.4,Vostok (Petit et al. 1999; Pepin et al. 2001; Raynaud et al. 2005) measured at LGGE in Grenoble
142058,190.4,Vostok (Petit et al. 1999; Pepin et al. 2001; Raynaud et al. 2005) measured at LGGE in Grenoble
145363,196.9,Vostok (Petit et al. 1999; Pepin et al. 2001; Raynaud et al. 2005) measured at LGGE in Grenoble
148831,203,Vostok (Petit et al. 1999; Pepin et al. 2001; Raynaud et al. 2005) measured at LGGE in Grenoble
149803,191.9,Vostok (Petit et al. 1999; Pepin et al. 2001; Raynaud et al. 2005) measured at LGGE in Grenoble
149921,188.9,Vostok (Petit et al. 1999; Pepin et al. 2001; Raynaud et al. 2005) measured at LGGE in Grenoble
151423,200.6,Vostok (Petit et al. 1999; Pepin et al. 2001; Raynaud et al. 2005) measured at LGGE in Grenoble
154480,189,Vostok (Petit et al. 1999; Pepin et al. 2001; Raynaud et al. 2005) measured at LGGE in Grenoble
155395,185.5,Vostok (Petit et al. 1999; Pepin et al. 2001; Raynaud et al. 2005) measured at LGGE in Grenoble
155813,187.5,Vostok (Petit et al. 1999; Pepin et al. 2001; Raynaud et al. 2005) measured at LGGE in Grenoble
159562,204.3,Vostok (Petit et al. 1999; Pepin et al. 2001; Raynaud et al. 2005) measured at LGGE in Grenoble
159943,196.5,Vostok (Petit et al. 1999; Pepin et al. 2001; Raynaud et al. 2005) measured at LGGE in Grenoble
161679,191.6,Vostok (Petit et al. 1999; Pepin et al. 2001; Raynaud et al. 2005) measured at LGGE in Grenoble
162228,190.1,Vostok (Petit et al. 1999; Pepin et al. 2001; Raynaud et al. 2005) measured at LGGE in Grenoble
163024,186.7,Vostok (Petit et al. 1999; Pepin et al. 2001; Raynaud et al. 2005) measured at LGGE in Grenoble
163698,183.8,Vostok (Petit et al. 1999; Pepin et al. 2001; Raynaud et al. 2005) measured at LGGE in Grenoble
164439,196.6,Vostok (Petit et al. 1999; Pepin et al. 2001; Raynaud et al. 2005) measured at LGGE in Grenoble
167183,197.8,Vostok (Petit et al. 1999; Pepin et al. 2001; Raynaud et al. 2005) measured at LGGE in Grenoble
169492,197.7,Vostok (Petit et al. 1999; Pepin et al. 2001; Raynaud et al. 2005) measured at LGGE in Grenoble
171351,196,Vostok (Petit et al. 1999; Pepin et al. 2001; Raynaud et al. 2005) measured at LGGE in Grenoble
172434,190.3,Vostok (Petit et al. 1999; Pepin et al. 2001; Raynaud et al. 2005) measured at LGGE in Grenoble
173135,189.4,Vostok (Petit et al. 1999; Pepin et al. 2001; Raynaud et al. 2005) measured at LGGE in Grenoble
173394,190.1,Vostok (Petit et al. 1999; Pepin et al. 2001; Raynaud et al. 2005) measured at LGGE in Grenoble
175306,207.7,Vostok (Petit et al. 1999; Pepin et al. 2001; Raynaud et al. 2005) measured at LGGE in Grenoble
177139,213.2,Vostok (Petit et al. 1999; Pepin et al. 2001; Raynaud et al. 2005) measured at LGGE in Grenoble
178179,217.7,Vostok (Petit et al. 1999; Pepin et al. 2001; Raynaud et al. 2005) measured at LGGE in Grenoble
179117,198.1,Vostok (Petit et al. 1999; Pepin et al. 2001; Raynaud et al. 2005) measured at LGGE in Grenoble
180068,199.7,Vostok (Petit et al. 1999; Pepin et al. 2001; Raynaud et al. 2005) measured at LGGE in Grenoble
182046,203.4,Vostok (Petit et al. 1999; Pepin et al. 2001; Raynaud et al. 2005) measured at LGGE in Grenoble
184685,210.7,Vostok (Petit et al. 1999; Pepin et al. 2001; Raynaud et al. 2005) measured at LGGE in Grenoble
186697,231.3,Vostok (Petit et al. 1999; Pepin et al. 2001; Raynaud et al. 2005) measured at LGGE in Grenoble
188436,231.4,Vostok (Petit et al. 1999; Pepin et al. 2001; Raynaud et al. 2005) measured at LGGE in Grenoble
189076,220.3,Vostok (Petit et al. 1999; Pepin et al. 2001; Raynaud et al. 2005) measured at LGGE in Grenoble
190352,218,Vostok (Petit et al. 1999; Pepin et al. 2001; Raynaud et al. 2005) measured at LGGE in Grenoble
192910,226.5,Vostok (Petit et al. 1999; Pepin et al. 2001; Raynaud et al. 2005) measured at LGGE in Grenoble
193481,220,Vostok (Petit et al. 1999; Pepin et al. 2001; Raynaud et al. 2005) measured at LGGE in Grenoble
195017,226.4,Vostok (Petit et al. 1999; Pepin et al. 2001; Raynaud et al. 2005) measured at LGGE in Grenoble
195673,241.2,Vostok (Petit et al. 1999; Pepin et al. 2001; Raynaud et al. 2005) measured at LGGE in Grenoble
196179,242.6,Vostok (Petit et al. 1999; Pepin et al. 2001; Raynaud et al. 2005) measured at LGGE in Grenoble
198972,250.9,Vostok (Petit et al. 1999; Pepin et al. 2001; Raynaud et al. 2005) measured at LGGE in Grenoble
199918,239.1,Vostok (Petit et al. 1999; Pepin et al. 2001; Raynaud et al. 2005) measured at LGGE in Grenoble
201163,247.6,Vostok (Petit et al. 1999; Pepin et al. 2001; Raynaud et al. 2005) measured at LGGE in Grenoble
202413,244.4,Vostok (Petit et al. 1999; Pepin et al. 2001; Raynaud et al. 2005) measured at LGGE in Grenoble
202874,231.9,Vostok (Petit et al. 1999; Pepin et al. 2001; Raynaud et al. 2005) measured at LGGE in Grenoble
203317,232.2,Vostok (Petit et al. 1999; Pepin et al. 2001; Raynaud et al. 2005) measured at LGGE in Grenoble
203837,228.6,Vostok (Petit et al. 1999; Pepin et al. 2001; Raynaud et al. 2005) measured at LGGE in Grenoble
204480,226.3,Vostok (Petit et al. 1999; Pepin et al. 2001; Raynaud et al. 2005) measured at LGGE in Grenoble
204908,229.4,Vostok (Petit et al. 1999; Pepin et al. 2001; Raynaud et al. 2005) measured at LGGE in Grenoble
205362,231.4,Vostok (Petit et al. 1999; Pepin et al. 2001; Raynaud et al. 2005) measured at LGGE in Grenoble
205952,238.1,Vostok (Petit et al. 1999; Pepin et al. 2001; Raynaud et al. 2005) measured at LGGE in Grenoble
206144,237.2,Vostok (Petit et al. 1999; Pepin et al. 2001; Raynaud et al. 2005) measured at LGGE in Grenoble
206810,230,Vostok (Petit et al. 1999; Pepin et al. 2001; Raynaud et al. 2005) measured at LGGE in Grenoble
207120,240.5,Vostok (Petit et al. 1999; Pepin et al. 2001; Raynaud et al. 2005) measured at LGGE in Grenoble
207544,242.2,Vostok (Petit et al. 1999; Pepin et al. 2001; Raynaud et al. 2005) measured at LGGE in Grenoble
208064,244.6,Vostok (Petit et al. 1999; Pepin et al. 2001; Raynaud et al. 2005) measured at LGGE in Grenoble
208254,243.9,Vostok (Petit et al. 1999; Pepin et al. 2001; Raynaud et al. 2005) measured at LGGE in Grenoble
208803,247.2,Vostok (Petit et al. 1999; Pepin et al. 2001; Raynaud et al. 2005) measured at LGGE in Grenoble
208995,252,Vostok (Petit et al. 1999; Pepin et al. 2001; Raynaud et al. 2005) measured at LGGE in Grenoble
209432,246.9,Vostok (Petit et al. 1999; Pepin et al. 2001; Raynaud et al. 2005) measured at LGGE in Grenoble
209817,239.5,Vostok (Petit et al. 1999; Pepin et al. 2001; Raynaud et al. 2005) measured at LGGE in Grenoble
210154,257.4,Vostok (Petit et al. 1999; Pepin et al. 2001; Raynaud et al. 2005) measured at LGGE in Grenoble
210813,243.4,Vostok (Petit et al. 1999; Pepin et al. 2001; Raynaud et al. 2005) measured at LGGE in Grenoble
211858,251.2,Vostok (Petit et al. 1999; Pepin et al. 2001; Raynaud et al. 2005) measured at LGGE in Grenoble
212716,241.4,Vostok (Petit et al. 1999; Pepin et al. 2001; Raynaud et al. 2005) measured at LGGE in Grenoble
213270,240.3,Vostok (Petit et al. 1999; Pepin et al. 2001; Raynaud et al. 2005) measured at LGGE in Grenoble
213536,242.6,Vostok (Petit et al. 1999; Pepin et al. 2001; Raynaud et al. 2005) measured at LGGE in Grenoble
213984,247.5,Vostok (Petit et al. 1999; Pepin et al. 2001; Raynaud et al. 2005) measured at LGGE in Grenoble
214459,251.7,Vostok (Petit et al. 1999; Pepin et al. 2001; Raynaud et al. 2005) measured at LGGE in Grenoble
214794,251.1,Vostok (Petit et al. 1999; Pepin et al. 2001; Raynaud et al. 2005) measured at LGGE in Grenoble
215382,245.3,Vostok (Petit et al. 1999; Pepin et al. 2001; Raynaud et al. 2005) measured at LGGE in Grenoble
216352,240.5,Vostok (Petit et al. 1999; Pepin et al. 2001; Raynaud et al. 2005) measured at LGGE in Grenoble
218361,214.1,Vostok (Petit et al. 1999; Pepin et al. 2001; Raynaud et al. 2005) measured at LGGE in Grenoble
219116,216.1,Vostok (Petit et al. 1999; Pepin et al. 2001; Raynaud et al. 2005) measured at LGGE in Grenoble
220058,207.1,Vostok (Petit et al. 1999; Pepin et al. 2001; Raynaud et al. 2005) measured at LGGE in Grenoble
220739,208.8,Vostok (Petit et al. 1999; Pepin et al. 2001; Raynaud et al. 2005) measured at LGGE in Grenoble
222030,205.6,Vostok (Petit et al. 1999; Pepin et al. 2001; Raynaud et al. 2005) measured at LGGE in Grenoble
224269,203.3,Vostok (Petit et al. 1999; Pepin et al. 2001; Raynaud et al. 2005) measured at LGGE in Grenoble
224923,215.7,Vostok (Petit et al. 1999; Pepin et al. 2001; Raynaud et al. 2005) measured at LGGE in Grenoble
225909,235.5,Vostok (Petit et al. 1999; Pepin et al. 2001; Raynaud et al. 2005) measured at LGGE in Grenoble
226711,234.5,Vostok (Petit et al. 1999; Pepin et al. 2001; Raynaud et al. 2005) measured at LGGE in Grenoble
227027,233.1,Vostok (Petit et al. 1999; Pepin et al. 2001; Raynaud et al. 2005) measured at LGGE in Grenoble
227776,224.5,Vostok (Petit et al. 1999; Pepin et al. 2001; Raynaud et al. 2005) measured at LGGE in Grenoble
229423,232.4,Vostok (Petit et al. 1999; Pepin et al. 2001; Raynaud et al. 2005) measured at LGGE in Grenoble
230422,233.9,Vostok (Petit et al. 1999; Pepin et al. 2001; Raynaud et al. 2005) measured at LGGE in Grenoble
231066,241.6,Vostok (Petit et al. 1999; Pepin et al. 2001; Raynaud et al. 2005) measured at LGGE in Grenoble
234817,245.2,Vostok (Petit et al. 1999; Pepin et al. 2001; Raynaud et al. 2005) measured at LGGE in Grenoble
235480,252.1,Vostok (Petit et al. 1999; Pepin et al. 2001; Raynaud et al. 2005) measured at LGGE in Grenoble
236114,241.4,Vostok (Petit et al. 1999; Pepin et al. 2001; Raynaud et al. 2005) measured at LGGE in Grenoble
236734,247.4,Vostok (Petit et al. 1999; Pepin et al. 2001; Raynaud et al. 2005) measured at LGGE in Grenoble
237294,243.1,Vostok (Petit et al. 1999; Pepin et al. 2001; Raynaud et al. 2005) measured at LGGE in Grenoble
237868,239.1,Vostok (Petit et al. 1999; Pepin et al. 2001; Raynaud et al. 2005) measured at LGGE in Grenoble
238558,245.6,Vostok (Petit et al. 1999; Pepin et al. 2001; Raynaud et al. 2005) measured at LGGE in Grenoble
239013,245.8,Vostok (Petit et al. 1999; Pepin et al. 2001; Raynaud et al. 2005) measured at LGGE in Grenoble
239477,247.4,Vostok (Petit et al. 1999; Pepin et al. 2001; Raynaud et al. 2005) measured at LGGE in Grenoble
239973,252.8,Vostok (Petit et al. 1999; Pepin et al. 2001; Raynaud et al. 2005) measured at LGGE in Grenoble
240945,259.7,Vostok (Petit et al. 1999; Pepin et al. 2001; Raynaud et al. 2005) measured at LGGE in Grenoble
241366,263.2,Vostok (Petit et al. 1999; Pepin et al. 2001; Raynaud et al. 2005) measured at LGGE in Grenoble
242007,279,Vostok (Petit et al. 1999; Pepin et al. 2001; Raynaud et al. 2005) measured at LGGE in Grenoble
242346,280.2,Vostok (Petit et al. 1999; Pepin et al. 2001; Raynaud et al. 2005) measured at LGGE in Grenoble
243071,263.7,Vostok (Petit et al. 1999; Pepin et al. 2001; Raynaud et al. 2005) measured at LGGE in Grenoble
243429,252.3,Vostok (Petit et al. 1999; Pepin et al. 2001; Raynaud et al. 2005) measured at LGGE in Grenoble
243856,249.9,Vostok (Petit et al. 1999; Pepin et al. 2001; Raynaud et al. 2005) measured at LGGE in Grenoble
244347,236.7,Vostok (Petit et al. 1999; Pepin et al. 2001; Raynaud et al. 2005) measured at LGGE in Grenoble
244864,230.4,Vostok (Petit et al. 1999; Pepin et al. 2001; Raynaud et al. 2005) measured at LGGE in Grenoble
245441,219.4,Vostok (Petit et al. 1999; Pepin et al. 2001; Raynaud et al. 2005) measured at LGGE in Grenoble
247681,214.7,Vostok (Petit et al. 1999; Pepin et al. 2001; Raynaud et al. 2005) measured at LGGE in Grenoble
250133,200.2,Vostok (Petit et al. 1999; Pepin et al. 2001; Raynaud et al. 2005) measured at LGGE in Grenoble
251005,213.9,Vostok (Petit et al. 1999; Pepin et al. 2001; Raynaud et al. 2005) measured at LGGE in Grenoble
251864,195.4,Vostok (Petit et al. 1999; Pepin et al. 2001; Raynaud et al. 2005) measured at LGGE in Grenoble
252739,196.7,Vostok (Petit et al. 1999; Pepin et al. 2001; Raynaud et al. 2005) measured at LGGE in Grenoble
253636,195.4,Vostok (Petit et al. 1999; Pepin et al. 2001; Raynaud et al. 2005) measured at LGGE in Grenoble
255498,199,Vostok (Petit et al. 1999; Pepin et al. 2001; Raynaud et al. 2005) measured at LGGE in Grenoble
256309,201.9,Vostok (Petit et al. 1999; Pepin et al. 2001; Raynaud et al. 2005) measured at LGGE in Grenoble
257100,204,Vostok (Petit et al. 1999; Pepin et al. 2001; Raynaud et al. 2005) measured at LGGE in Grenoble
258661,203.9,Vostok (Petit et al. 1999; Pepin et al. 2001; Raynaud et al. 2005) measured at LGGE in Grenoble
260353,209.6,Vostok (Petit et al. 1999; Pepin et al. 2001; Raynaud et al. 2005) measured at LGGE in Grenoble
260916,205.7,Vostok (Petit et al. 1999; Pepin et al. 2001; Raynaud et al. 2005) measured at LGGE in Grenoble
262092,208.9,Vostok (Petit et al. 1999; Pepin et al. 2001; Raynaud et al. 2005) measured at LGGE in Grenoble
262930,214.6,Vostok (Petit et al. 1999; Pepin et al. 2001; Raynaud et al. 2005) measured at LGGE in Grenoble
264509,228.1,Vostok (Petit et al. 1999; Pepin et al. 2001; Raynaud et al. 2005) measured at LGGE in Grenoble
265653,199.9,Vostok (Petit et al. 1999; Pepin et al. 2001; Raynaud et al. 2005) measured at LGGE in Grenoble
266326,211.7,Vostok (Petit et al. 1999; Pepin et al. 2001; Raynaud et al. 2005) measured at LGGE in Grenoble
267442,188.7,Vostok (Petit et al. 1999; Pepin et al. 2001; Raynaud et al. 2005) measured at LGGE in Grenoble
268181,187.2,Vostok (Petit et al. 1999; Pepin et al. 2001; Raynaud et al. 2005) measured at LGGE in Grenoble
269154,194.2,Vostok (Petit et al. 1999; Pepin et al. 2001; Raynaud et al. 2005) measured at LGGE in Grenoble
270222,198.8,Vostok (Petit et al. 1999; Pepin et al. 2001; Raynaud et al. 2005) measured at LGGE in Grenoble
271256,184.7,Vostok (Petit et al. 1999; Pepin et al. 2001; Raynaud et al. 2005) measured at LGGE in Grenoble
272311,190.4,Vostok (Petit et al. 1999; Pepin et al. 2001; Raynaud et al. 2005) measured at LGGE in Grenoble
273310,193.9,Vostok (Petit et al. 1999; Pepin et al. 2001; Raynaud et al. 2005) measured at LGGE in Grenoble
274321,194.1,Vostok (Petit et al. 1999; Pepin et al. 2001; Raynaud et al. 2005) measured at LGGE in Grenoble
275350,198.4,Vostok (Petit et al. 1999; Pepin et al. 2001; Raynaud et al. 2005) measured at LGGE in Grenoble
276326,193.2,Vostok (Petit et al. 1999; Pepin et al. 2001; Raynaud et al. 2005) measured at LGGE in Grenoble
277361,202.2,Vostok (Petit et al. 1999; Pepin et al. 2001; Raynaud et al. 2005) measured at LGGE in Grenoble
278350,204.5,Vostok (Petit et al. 1999; Pepin et al. 2001; Raynaud et al. 2005) measured at LGGE in Grenoble
279320,211,Vostok (Petit et al. 1999; Pepin et al. 2001; Raynaud et al. 2005) measured at LGGE in Grenoble
280269,215.3,Vostok (Petit et al. 1999; Pepin et al. 2001; Raynaud et al. 2005) measured at LGGE in Grenoble
281758,223.7,Vostok (Petit et al. 1999; Pepin et al. 2001; Raynaud et al. 2005) measured at LGGE in Grenoble
283785,231.3,Vostok (Petit et al. 1999; Pepin et al. 2001; Raynaud et al. 2005) measured at LGGE in Grenoble
285380,228,Vostok (Petit et al. 1999; Pepin et al. 2001; Raynaud et al. 2005) measured at LGGE in Grenoble
286128,226.4,Vostok (Petit et al. 1999; Pepin et al. 2001; Raynaud et al. 2005) measured at LGGE in Grenoble
287036,231.4,Vostok (Petit et al. 1999; Pepin et al. 2001; Raynaud et al. 2005) measured at LGGE in Grenoble
287538,230.4,Vostok (Petit et al. 1999; Pepin et al. 2001; Raynaud et al. 2005) measured at LGGE in Grenoble
288233,231,Vostok (Petit et al. 1999; Pepin et al. 2001; Raynaud et al. 2005) measured at LGGE in Grenoble
290153,234.9,Vostok (Petit et al. 1999; Pepin et al. 2001; Raynaud et al. 2005) measured at LGGE in Grenoble
290730,220.4,Vostok (Petit et al. 1999; Pepin et al. 2001; Raynaud et al. 2005) measured at LGGE in Grenoble
291367,217.1,Vostok (Petit et al. 1999; Pepin et al. 2001; Raynaud et al. 2005) measured at LGGE in Grenoble
292405,207.6,Vostok (Petit et al. 1999; Pepin et al. 2001; Raynaud et al. 2005) measured at LGGE in Grenoble
293057,206,Vostok (Petit et al. 1999; Pepin et al. 2001; Raynaud et al. 2005) measured at LGGE in Grenoble
293779,206.7,Vostok (Petit et al. 1999; Pepin et al. 2001; Raynaud et al. 2005) measured at LGGE in Grenoble
294568,212.7,Vostok (Petit et al. 1999; Pepin et al. 2001; Raynaud et al. 2005) measured at LGGE in Grenoble
295930,213.1,Vostok (Petit et al. 1999; Pepin et al. 2001; Raynaud et al. 2005) measured at LGGE in Grenoble
297921,217.1,Vostok (Petit et al. 1999; Pepin et al. 2001; Raynaud et al. 2005) measured at LGGE in Grenoble
298741,224.4,Vostok (Petit et al. 1999; Pepin et al. 2001; Raynaud et al. 2005) measured at LGGE in Grenoble
299621,231,Vostok (Petit et al. 1999; Pepin et al. 2001; Raynaud et al. 2005) measured at LGGE in Grenoble
300472,236.1,Vostok (Petit et al. 1999; Pepin et al. 2001; Raynaud et al. 2005) measured at LGGE in Grenoble
301402,239,Vostok (Petit et al. 1999; Pepin et al. 2001; Raynaud et al. 2005) measured at LGGE in Grenoble
302280,236,Vostok (Petit et al. 1999; Pepin et al. 2001; Raynaud et al. 2005) measured at LGGE in Grenoble
303226,240.2,Vostok (Petit et al. 1999; Pepin et al. 2001; Raynaud et al. 2005) measured at LGGE in Grenoble
304232,240.7,Vostok (Petit et al. 1999; Pepin et al. 2001; Raynaud et al. 2005) measured at LGGE in Grenoble
304901,250.2,Vostok (Petit et al. 1999; Pepin et al. 2001; Raynaud et al. 2005) measured at LGGE in Grenoble
305655,248.6,Vostok (Petit et al. 1999; Pepin et al. 2001; Raynaud et al. 2005) measured at LGGE in Grenoble
306547,244.8,Vostok (Petit et al. 1999; Pepin et al. 2001; Raynaud et al. 2005) measured at LGGE in Grenoble
307495,225.8,Vostok (Petit et al. 1999; Pepin et al. 2001; Raynaud et al. 2005) measured at LGGE in Grenoble
308744,227.8,Vostok (Petit et al. 1999; Pepin et al. 2001; Raynaud et al. 2005) measured at LGGE in Grenoble
309389,226.2,Vostok (Petit et al. 1999; Pepin et al. 2001; Raynaud et al. 2005) measured at LGGE in Grenoble
310168,233.2,Vostok (Petit et al. 1999; Pepin et al. 2001; Raynaud et al. 2005) measured at LGGE in Grenoble
311013,237.8,Vostok (Petit et al. 1999; Pepin et al. 2001; Raynaud et al. 2005) measured at LGGE in Grenoble
311868,239,Vostok (Petit et al. 1999; Pepin et al. 2001; Raynaud et al. 2005) measured at LGGE in Grenoble
312676,241.9,Vostok (Petit et al. 1999; Pepin et al. 2001; Raynaud et al. 2005) measured at LGGE in Grenoble
313414,251.6,Vostok (Petit et al. 1999; Pepin et al. 2001; Raynaud et al. 2005) measured at LGGE in Grenoble
314144,256.7,Vostok (Petit et al. 1999; Pepin et al. 2001; Raynaud et al. 2005) measured at LGGE in Grenoble
314867,257.1,Vostok (Petit et al. 1999; Pepin et al. 2001; Raynaud et al. 2005) measured at LGGE in Grenoble
315572,246.8,Vostok (Petit et al. 1999; Pepin et al. 2001; Raynaud et al. 2005) measured at LGGE in Grenoble
316200,272.6,Vostok (Petit et al. 1999; Pepin et al. 2001; Raynaud et al. 2005) measured at LGGE in Grenoble
316897,251.6,Vostok (Petit et al. 1999; Pepin et al. 2001; Raynaud et al. 2005) measured at LGGE in Grenoble
317734,245.2,Vostok (Petit et al. 1999; Pepin et al. 2001; Raynaud et al. 2005) measured at LGGE in Grenoble
318559,233.4,Vostok (Petit et al. 1999; Pepin et al. 2001; Raynaud et al. 2005) measured at LGGE in Grenoble
319480,255.8,Vostok (Petit et al. 1999; Pepin et al. 2001; Raynaud et al. 2005) measured at LGGE in Grenoble
320358,249.2,Vostok (Petit et al. 1999; Pepin et al. 2001; Raynaud et al. 2005) measured at LGGE in Grenoble
322015,257.2,Vostok (Petit et al. 1999; Pepin et al. 2001; Raynaud et al. 2005) measured at LGGE in Grenoble
322767,260.4,Vostok (Petit et al. 1999; Pepin et al. 2001; Raynaud et al. 2005) measured at LGGE in Grenoble
323526,260.3,Vostok (Petit et al. 1999; Pepin et al. 2001; Raynaud et al. 2005) measured at LGGE in Grenoble
324280,260.5,Vostok (Petit et al. 1999; Pepin et al. 2001; Raynaud et al. 2005) measured at LGGE in Grenoble
324971,266.2,Vostok (Petit et al. 1999; Pepin et al. 2001; Raynaud et al. 2005) measured at LGGE in Grenoble
325720,264,Vostok (Petit et al. 1999; Pepin et al. 2001; Raynaud et al. 2005) measured at LGGE in Grenoble
326321,266.1,Vostok (Petit et al. 1999; Pepin et al. 2001; Raynaud et al. 2005) measured at LGGE in Grenoble
326972,270.1,Vostok (Petit et al. 1999; Pepin et al. 2001; Raynaud et al. 2005) measured at LGGE in Grenoble
327590,271.9,Vostok (Petit et al. 1999; Pepin et al. 2001; Raynaud et al. 2005) measured at LGGE in Grenoble
328221,275.1,Vostok (Petit et al. 1999; Pepin et al. 2001; Raynaud et al. 2005) measured at LGGE in Grenoble
329475,265,Vostok (Petit et al. 1999; Pepin et al. 2001; Raynaud et al. 2005) measured at LGGE in Grenoble
330208,271.7,Vostok (Petit et al. 1999; Pepin et al. 2001; Raynaud et al. 2005) measured at LGGE in Grenoble
330740,272.6,Vostok (Petit et al. 1999; Pepin et al. 2001; Raynaud et al. 2005) measured at LGGE in Grenoble
331438,273.1,Vostok (Petit et al. 1999; Pepin et al. 2001; Raynaud et al. 2005) measured at LGGE in Grenoble
331944,282.4,Vostok (Petit et al. 1999; Pepin et al. 2001; Raynaud et al. 2005) measured at LGGE in Grenoble
332285,289.1,Vostok (Petit et al. 1999; Pepin et al. 2001; Raynaud et al. 2005) measured at LGGE in Grenoble
332462,288.4,Vostok (Petit et al. 1999; Pepin et al. 2001; Raynaud et al. 2005) measured at LGGE in Grenoble
332919,298.6,Vostok (Petit et al. 1999; Pepin et al. 2001; Raynaud et al. 2005) measured at LGGE in Grenoble
333380,278.1,Vostok (Petit et al. 1999; Pepin et al. 2001; Raynaud et al. 2005) measured at LGGE in Grenoble
333890,285.8,Vostok (Petit et al. 1999; Pepin et al. 2001; Raynaud et al. 2005) measured at LGGE in Grenoble
334261,278.6,Vostok (Petit et al. 1999; Pepin et al. 2001; Raynaud et al. 2005) measured at LGGE in Grenoble
334748,270.5,Vostok (Petit et al. 1999; Pepin et al. 2001; Raynaud et al. 2005) measured at LGGE in Grenoble
335287,255.7,Vostok (Petit et al. 1999; Pepin et al. 2001; Raynaud et al. 2005) measured at LGGE in Grenoble
335918,241.9,Vostok (Petit et al. 1999; Pepin et al. 2001; Raynaud et al. 2005) measured at LGGE in Grenoble
336725,239.6,Vostok (Petit et al. 1999; Pepin et al. 2001; Raynaud et al. 2005) measured at LGGE in Grenoble
337391,234.2,Vostok (Petit et al. 1999; Pepin et al. 2001; Raynaud et al. 2005) measured at LGGE in Grenoble
339298,250.1,Vostok (Petit et al. 1999; Pepin et al. 2001; Raynaud et al. 2005) measured at LGGE in Grenoble
340456,200.7,Vostok (Petit et al. 1999; Pepin et al. 2001; Raynaud et al. 2005) measured at LGGE in Grenoble
341802,205.2,Vostok (Petit et al. 1999; Pepin et al. 2001; Raynaud et al. 2005) measured at LGGE in Grenoble
343282,204.8,Vostok (Petit et al. 1999; Pepin et al. 2001; Raynaud et al. 2005) measured at LGGE in Grenoble
344446,211.9,Vostok (Petit et al. 1999; Pepin et al. 2001; Raynaud et al. 2005) measured at LGGE in Grenoble
345980,220.3,Vostok (Petit et al. 1999; Pepin et al. 2001; Raynaud et al. 2005) measured at LGGE in Grenoble
348298,221.1,Vostok (Petit et al. 1999; Pepin et al. 2001; Raynaud et al. 2005) measured at LGGE in Grenoble
349688,216.2,Vostok (Petit et al. 1999; Pepin et al. 2001; Raynaud et al. 2005) measured at LGGE in Grenoble
350925,209.4,Vostok (Petit et al. 1999; Pepin et al. 2001; Raynaud et al. 2005) measured at LGGE in Grenoble
352275,209.2,Vostok (Petit et al. 1999; Pepin et al. 2001; Raynaud et al. 2005) measured at LGGE in Grenoble
355302,193,Vostok (Petit et al. 1999; Pepin et al. 2001; Raynaud et al. 2005) measured at LGGE in Grenoble
356898,186.1,Vostok (Petit et al. 1999; Pepin et al. 2001; Raynaud et al. 2005) measured at LGGE in Grenoble
358712,185.8,Vostok (Petit et al. 1999; Pepin et al. 2001; Raynaud et al. 2005) measured at LGGE in Grenoble
360957,201.2,Vostok (Petit et al. 1999; Pepin et al. 2001; Raynaud et al. 2005) measured at LGGE in Grenoble
363385,206.3,Vostok (Petit et al. 1999; Pepin et al. 2001; Raynaud et al. 2005) measured at LGGE in Grenoble
366235,201.9,Vostok (Petit et al. 1999; Pepin et al. 2001; Raynaud et al. 2005) measured at LGGE in Grenoble
367856,199.9,Vostok (Petit et al. 1999; Pepin et al. 2001; Raynaud et al. 2005) measured at LGGE in Grenoble
369446,214.7,Vostok (Petit et al. 1999; Pepin et al. 2001; Raynaud et al. 2005) measured at LGGE in Grenoble
371090,224.6,Vostok (Petit et al. 1999; Pepin et al. 2001; Raynaud et al. 2005) measured at LGGE in Grenoble
372646,229.6,Vostok (Petit et al. 1999; Pepin et al. 2001; Raynaud et al. 2005) measured at LGGE in Grenoble
376568,227,Vostok (Petit et al. 1999; Pepin et al. 2001; Raynaud et al. 2005) measured at LGGE in Grenoble
378096,240,Vostok (Petit et al. 1999; Pepin et al. 2001; Raynaud et al. 2005) measured at LGGE in Grenoble
379696,239.1,Vostok (Petit et al. 1999; Pepin et al. 2001; Raynaud et al. 2005) measured at LGGE in Grenoble
381132,246.8,Vostok (Petit et al. 1999; Pepin et al. 2001; Raynaud et al. 2005) measured at LGGE in Grenoble
382670,245.8,Vostok (Petit et al. 1999; Pepin et al. 2001; Raynaud et al. 2005) measured at LGGE in Grenoble
384534,258.1,Vostok (Petit et al. 1999; Pepin et al. 2001; Raynaud et al. 2005) measured at LGGE in Grenoble
385398,264.6,Vostok (Petit et al. 1999; Pepin et al. 2001; Raynaud et al. 2005) measured at LGGE in Grenoble
386144,259.2,Vostok (Petit et al. 1999; Pepin et al. 2001; Raynaud et al. 2005) measured at LGGE in Grenoble
388062,255.2,Vostok (Petit et al. 1999; Pepin et al. 2001; Raynaud et al. 2005) measured at LGGE in Grenoble
389946,250.1,Vostok (Petit et al. 1999; Pepin et al. 2001; Raynaud et al. 2005) measured at LGGE in Grenoble
391896,266.3,Vostok (Petit et al. 1999; Pepin et al. 2001; Raynaud et al. 2005) measured at LGGE in Grenoble
392544,259.5,Dome C (Siegenthaler et al. 2005) measured at LGGE in Grenoble
393579,273.6,Dome C (Siegenthaler et al. 2005) measured at LGGE in Grenoble
394560,260.7,Dome C (Siegenthaler et al. 2005) measured at LGGE in Grenoble
398086,276.3,Dome C (Siegenthaler et al. 2005) measured at LGGE in Grenoble
399722,277.1,Dome C (Siegenthaler et al. 2005) measured at LGGE in Grenoble
400504,283.2,Dome C (Siegenthaler et al. 2005) measured at LGGE in Grenoble
402000,283.1,Dome C (Siegenthaler et al. 2005) measured at LGGE in Grenoble
402731,275.7,Dome C (Siegenthaler et al. 2005) measured at LGGE in Grenoble
404181,276.5,Dome C (Siegenthaler et al. 2005) measured at LGGE in Grenoble
404927,280.5,Dome C (Siegenthaler et al. 2005) measured at LGGE in Grenoble
406368,279.6,Dome C (Siegenthaler et al. 2005) measured at LGGE in Grenoble
407093,285.6,Dome C (Siegenthaler et al. 2005) measured at LGGE in Grenoble
408600,284.5,Dome C (Siegenthaler et al. 2005) measured at LGGE in Grenoble
409383,275.2,Dome C (Siegenthaler et al. 2005) measured at LGGE in Grenoble
409383,274.2,Dome C (Siegenthaler et al. 2005) measured at LGGE in Grenoble
410206,282.6,Dome C (Siegenthaler et al. 2005) measured at LGGE in Grenoble
411071,283.5,Dome C (Siegenthaler et al. 2005) measured at LGGE in Grenoble
412962,274.9,Dome C (Siegenthaler et al. 2005) measured at LGGE in Grenoble
413948,264.9,Dome C (Siegenthaler et al. 2005) measured at LGGE in Grenoble
414963,271.6,Dome C (Siegenthaler et al. 2005) measured at LGGE in Grenoble
415717,276.4,Dome C (Siegenthaler et al. 2005)  measured at University of Bern
416193,271.7,Dome C (Siegenthaler et al. 2005)  measured at University of Bern
417191,273.4,Dome C (Siegenthaler et al. 2005)  measured at University of Bern
417698,271.8,Dome C (Siegenthaler et al. 2005)  measured at University of Bern
418245,274.6,Dome C (Siegenthaler et al. 2005)  measured at University of Bern
419260,273.7,Dome C (Siegenthaler et al. 2005)  measured at University of Bern
419808,271.2,Dome C (Siegenthaler et al. 2005)  measured at University of Bern
420350,273.8,Dome C (Siegenthaler et al. 2005)  measured at University of Bern
421484,268.6,Dome C (Siegenthaler et al. 2005)  measured at University of Bern
422074,266.4,Dome C (Siegenthaler et al. 2005)  measured at University of Bern
422649,270.6,Dome C (Siegenthaler et al. 2005)  measured at University of Bern
423764,267.7,Dome C (Siegenthaler et al. 2005)  measured at University of Bern
424332,268.3,Dome C (Siegenthaler et al. 2005)  measured at University of Bern
424840,270.8,Dome C (Siegenthaler et al. 2005)  measured at University of Bern
425242,270,Dome C (Siegenthaler et al. 2005)  measured at University of Bern
425569,265.4,Dome C (Siegenthaler et al. 2005)  measured at University of Bern
425975,255.3,Dome C (Siegenthaler et al. 2005)  measured at University of Bern
426598,252.1,Dome C (Siegenthaler et al. 2005)  measured at University of Bern
427285,248.2,Dome C (Siegenthaler et al. 2005)  measured at University of Bern
427566,242.5,Dome C (Siegenthaler et al. 2005)  measured at University of Bern
429006,219.7,Dome C (Siegenthaler et al. 2005)  measured at University of Bern
429876,227.2,Dome C (Siegenthaler et al. 2005)  measured at University of Bern
431063,211.5,Dome C (Siegenthaler et al. 2005)  measured at University of Bern
431445,207.6,Dome C (Siegenthaler et al. 2005)  measured at University of Bern
432599,209.8,Dome C (Siegenthaler et al. 2005)  measured at University of Bern
433674,207.5,Dome C (Siegenthaler et al. 2005)  measured at University of Bern
434804,200.3,Dome C (Siegenthaler et al. 2005)  measured at University of Bern
435989,201.7,Dome C (Siegenthaler et al. 2005)  measured at University of Bern
437152,201.3,Dome C (Siegenthaler et al. 2005)  measured at University of Bern
438356,202,Dome C (Siegenthaler et al. 2005)  measured at University of Bern
439565,199.1,Dome C (Siegenthaler et al. 2005)  measured at University of Bern
441220,201.1,Dome C (Siegenthaler et al. 2005)  measured at University of Bern
442411,203.5,Dome C (Siegenthaler et al. 2005)  measured at University of Bern
443562,208.1,Dome C (Siegenthaler et al. 2005)  measured at University of Bern
444650,201.7,Dome C (Siegenthaler et al. 2005)  measured at University of Bern
445829,201.2,Dome C (Siegenthaler et al. 2005)  measured at University of Bern
446984,204.9,Dome C (Siegenthaler et al. 2005)  measured at University of Bern
448103,201.9,Dome C (Siegenthaler et al. 2005)  measured at University of Bern
449244,198.4,Dome C (Siegenthaler et al. 2005)  measured at University of Bern
450455,193.3,Dome C (Siegenthaler et al. 2005)  measured at University of Bern
451593,192.5,Dome C (Siegenthaler et al. 2005)  measured at University of Bern
452283,199.1,Dome C (Siegenthaler et al. 2005)  measured at University of Bern
452795,204.3,Dome C (Siegenthaler et al. 2005)  measured at University of Bern
453514,203.3,Dome C (Siegenthaler et al. 2005)  measured at University of Bern
454023,208.3,Dome C (Siegenthaler et al. 2005)  measured at University of Bern
455279,202.4,Dome C (Siegenthaler et al. 2005)  measured at University of Bern
456591,195.5,Dome C (Siegenthaler et al. 2005)  measured at University of Bern
458049,190.7,Dome C (Siegenthaler et al. 2005)  measured at University of Bern
459430,194.4,Dome C (Siegenthaler et al. 2005)  measured at University of Bern
460792,199.9,Dome C (Siegenthaler et al. 2005)  measured at University of Bern
461687,205.2,Dome C (Siegenthaler et al. 2005)  measured at University of Bern
462133,210,Dome C (Siegenthaler et al. 2005)  measured at University of Bern
463456,208.1,Dome C (Siegenthaler et al. 2005)  measured at University of Bern
464866,204.4,Dome C (Siegenthaler et al. 2005)  measured at University of Bern
466265,203.4,Dome C (Siegenthaler et al. 2005)  measured at University of Bern
467602,205.5,Dome C (Siegenthaler et al. 2005)  measured at University of Bern
468323,206.5,Dome C (Siegenthaler et al. 2005)  measured at University of Bern
468810,215.5,Dome C (Siegenthaler et al. 2005)  measured at University of Bern
469470,218.7,Dome C (Siegenthaler et al. 2005)  measured at University of Bern
469941,229.2,Dome C (Siegenthaler et al. 2005)  measured at University of Bern
470597,232.7,Dome C (Siegenthaler et al. 2005)  measured at University of Bern
471046,243.7,Dome C (Siegenthaler et al. 2005)  measured at University of Bern
471763,243.9,Dome C (Siegenthaler et al. 2005)  measured at University of Bern
472095,245.6,Dome C (Siegenthaler et al. 2005)  measured at University of Bern
473102,241.2,Dome C (Siegenthaler et al. 2005)  measured at University of Bern
474162,233.1,Dome C (Siegenthaler et al. 2005)  measured at University of Bern
475218,232.8,Dome C (Siegenthaler et al. 2005)  measured at University of Bern
476240,236.6,Dome C (Siegenthaler et al. 2005)  measured at University of Bern
477162,239.1,Dome C (Siegenthaler et al. 2005)  measured at University of Bern
477719,236.5,Dome C (Siegenthaler et al. 2005)  measured at University of Bern
478124,231.3,Dome C (Siegenthaler et al. 2005)  measured at University of Bern
478721,220.8,Dome C (Siegenthaler et al. 2005)  measured at University of Bern
479144,218.8,Dome C (Siegenthaler et al. 2005)  measured at University of Bern
480108,223.8,Dome C (Siegenthaler et al. 2005)  measured at University of Bern
481035,223.4,Dome C (Siegenthaler et al. 2005)  measured at University of Bern
481932,227.3,Dome C (Siegenthaler et al. 2005)  measured at University of Bern
482803,231.4,Dome C (Siegenthaler et al. 2005)  measured at University of Bern
483649,231.4,Dome C (Siegenthaler et al. 2005)  measured at University of Bern
484465,231.2,Dome C (Siegenthaler et al. 2005)  measured at University of Bern
485276,233,Dome C (Siegenthaler et al. 2005)  measured at University of Bern
486043,232.9,Dome C (Siegenthaler et al. 2005)  measured at University of Bern
486816,231.3,Dome C (Siegenthaler et al. 2005)  measured at University of Bern
487541,237.1,Dome C (Siegenthaler et al. 2005)  measured at University of Bern
488268,242,Dome C (Siegenthaler et al. 2005)  measured at University of Bern
488689,240.9,Dome C (Siegenthaler et al. 2005)  measured at University of Bern
488996,252.8,Dome C (Siegenthaler et al. 2005)  measured at University of Bern
489475,249.3,Dome C (Siegenthaler et al. 2005)  measured at University of Bern
489722,242.6,Dome C (Siegenthaler et al. 2005)  measured at University of Bern
490445,243.3,Dome C (Siegenthaler et al. 2005)  measured at University of Bern
491191,246.7,Dome C (Siegenthaler et al. 2005)  measured at University of Bern
491959,243.7,Dome C (Siegenthaler et al. 2005)  measured at University of Bern
492738,239.7,Dome C (Siegenthaler et al. 2005)  measured at University of Bern
493507,239.1,Dome C (Siegenthaler et al. 2005)  measured at University of Bern
494311,238.3,Dome C (Siegenthaler et al. 2005)  measured at University of Bern
495085,238.5,Dome C (Siegenthaler et al. 2005)  measured at University of Bern
495853,237.6,Dome C (Siegenthaler et al. 2005)  measured at University of Bern
496608,236.4,Dome C (Siegenthaler et al. 2005)  measured at University of Bern
497366,236.5,Dome C (Siegenthaler et al. 2005)  measured at University of Bern
498104,232.8,Dome C (Siegenthaler et al. 2005)  measured at University of Bern
498865,230.6,Dome C (Siegenthaler et al. 2005)  measured at University of Bern
499610,230.8,Dome C (Siegenthaler et al. 2005)  measured at University of Bern
500363,228.2,Dome C (Siegenthaler et al. 2005)  measured at University of Bern
501130,230.8,Dome C (Siegenthaler et al. 2005)  measured at University of Bern
501866,231.2,Dome C (Siegenthaler et al. 2005)  measured at University of Bern
502625,232,Dome C (Siegenthaler et al. 2005)  measured at University of Bern
503375,232.2,Dome C (Siegenthaler et al. 2005)  measured at University of Bern
504083,234.1,Dome C (Siegenthaler et al. 2005)  measured at University of Bern
504777,233.9,Dome C (Siegenthaler et al. 2005)  measured at University of Bern
505516,235.5,Dome C (Siegenthaler et al. 2005)  measured at University of Bern
506287,236,Dome C (Siegenthaler et al. 2005)  measured at University of Bern
507011,238.2,Dome C (Siegenthaler et al. 2005)  measured at University of Bern
507714,237,Dome C (Siegenthaler et al. 2005)  measured at University of Bern
508476,240.3,Dome C (Siegenthaler et al. 2005)  measured at University of Bern
509247,233.4,Dome C (Siegenthaler et al. 2005)  measured at University of Bern
510008,236.4,Dome C (Siegenthaler et al. 2005)  measured at University of Bern
510765,235.2,Dome C (Siegenthaler et al. 2005)  measured at University of Bern
511515,242,Dome C (Siegenthaler et al. 2005)  measured at University of Bern
512269,238.2,Dome C (Siegenthaler et al. 2005)  measured at University of Bern
512997,239.2,Dome C (Siegenthaler et al. 2005)  measured at University of Bern
513724,241.5,Dome C (Siegenthaler et al. 2005)  measured at University of Bern
514429,243,Dome C (Siegenthaler et al. 2005)  measured at University of Bern
515113,247.2,Dome C (Siegenthaler et al. 2005)  measured at University of Bern
515771,246.2,Dome C (Siegenthaler et al. 2005)  measured at University of Bern
516417,245.5,Dome C (Siegenthaler et al. 2005)  measured at University of Bern
517069,245.3,Dome C (Siegenthaler et al. 2005)  measured at University of Bern
517706,247.7,Dome C (Siegenthaler et al. 2005)  measured at University of Bern
518334,245.5,Dome C (Siegenthaler et al. 2005)  measured at University of Bern
518965,243.5,Dome C (Siegenthaler et al. 2005)  measured at University of Bern
520892,241.9,Dome C (Siegenthaler et al. 2005)  measured at University of Bern
521552,236.8,Dome C (Siegenthaler et al. 2005)  measured at University of Bern
522216,235.8,Dome C (Siegenthaler et al. 2005)  measured at University of Bern
522923,233.7,Dome C (Siegenthaler et al. 2005)  measured at University of Bern
523666,230.3,Dome C (Siegenthaler et al. 2005)  measured at University of Bern
524409,227.8,Dome C (Siegenthaler et al. 2005)  measured at University of Bern
525164,224.7,Dome C (Siegenthaler et al. 2005)  measured at University of Bern
525908,222.7,Dome C (Siegenthaler et al. 2005)  measured at University of Bern
526661,221.2,Dome C (Siegenthaler et al. 2005)  measured at University of Bern
527454,220.3,Dome C (Siegenthaler et al. 2005)  measured at University of Bern
528262,220.7,Dome C (Siegenthaler et al. 2005)  measured at University of Bern
528747,214.5,Dome C (Siegenthaler et al. 2005)  measured at University of Bern
529101,211.4,Dome C (Siegenthaler et al. 2005)  measured at University of Bern
529640,204.4,Dome C (Siegenthaler et al. 2005)  measured at University of Bern
530016,200,Dome C (Siegenthaler et al. 2005)  measured at University of Bern
530685,195.1,Dome C (Siegenthaler et al. 2005)  measured at University of Bern
531035,193.8,Dome C (Siegenthaler et al. 2005)  measured at University of Bern
531662,190.5,Dome C (Siegenthaler et al. 2005)  measured at University of Bern
532119,199.8,Dome C (Siegenthaler et al. 2005)  measured at University of Bern
533246,199.4,Dome C (Siegenthaler et al. 2005)  measured at University of Bern
534364,205,Dome C (Siegenthaler et al. 2005)  measured at University of Bern
535483,206.4,Dome C (Siegenthaler et al. 2005)  measured at University of Bern
536622,212.9,Dome C (Siegenthaler et al. 2005)  measured at University of Bern
537770,211.2,Dome C (Siegenthaler et al. 2005)  measured at University of Bern
538959,205,Dome C (Siegenthaler et al. 2005)  measured at University of Bern
540154,203.6,Dome C (Siegenthaler et al. 2005)  measured at University of Bern
541345,208.1,Dome C (Siegenthaler et al. 2005)  measured at University of Bern
542502,210.3,Dome C (Siegenthaler et al. 2005)  measured at University of Bern
543676,209.6,Dome C (Siegenthaler et al. 2005)  measured at University of Bern
544804,209.7,Dome C (Siegenthaler et al. 2005)  measured at University of Bern
545956,204.6,Dome C (Siegenthaler et al. 2005)  measured at University of Bern
547013,202.5,Dome C (Siegenthaler et al. 2005)  measured at University of Bern
547573,208.8,Dome C (Siegenthaler et al. 2005)  measured at University of Bern
547972,213.6,Dome C (Siegenthaler et al. 2005)  measured at University of Bern
548933,215.2,Dome C (Siegenthaler et al. 2005)  measured at University of Bern
549830,219.9,Dome C (Siegenthaler et al. 2005)  measured at University of Bern
550637,221.7,Dome C (Siegenthaler et al. 2005)  measured at University of Bern
551124,222.3,Dome C (Siegenthaler et al. 2005)  measured at University of Bern
551452,226.3,Dome C (Siegenthaler et al. 2005)  measured at University of Bern
551979,222.1,Dome C (Siegenthaler et al. 2005)  measured at University of Bern
552250,220.3,Dome C (Siegenthaler et al. 2005)  measured at University of Bern
552961,223.6,Dome C (Siegenthaler et al. 2005)  measured at University of Bern
553626,224.3,Dome C (Siegenthaler et al. 2005)  measured at University of Bern
554254,226.7,Dome C (Siegenthaler et al. 2005)  measured at University of Bern
554831,233.9,Dome C (Siegenthaler et al. 2005)  measured at University of Bern
555345,241,Dome C (Siegenthaler et al. 2005)  measured at University of Bern
555637,243,Dome C (Siegenthaler et al. 2005)  measured at University of Bern
555839,249.1,Dome C (Siegenthaler et al. 2005)  measured at University of Bern
556143,244,Dome C (Siegenthaler et al. 2005)  measured at University of Bern
556364,250.5,Dome C (Siegenthaler et al. 2005)  measured at University of Bern
556724,245.6,Dome C (Siegenthaler et al. 2005)  measured at University of Bern
556889,240.4,Dome C (Siegenthaler et al. 2005)  measured at University of Bern
557385,238.1,Dome C (Siegenthaler et al. 2005)  measured at University of Bern
557887,234.5,Dome C (Siegenthaler et al. 2005)  measured at University of Bern
558183,229.7,Dome C (Siegenthaler et al. 2005)  measured at University of Bern
558393,230.2,Dome C (Siegenthaler et al. 2005)  measured at University of Bern
558929,230.3,Dome C (Siegenthaler et al. 2005)  measured at University of Bern
559461,228.3,Dome C (Siegenthaler et al. 2005)  measured at University of Bern
559972,231.6,Dome C (Siegenthaler et al. 2005)  measured at University of Bern
560459,231.9,Dome C (Siegenthaler et al. 2005)  measured at University of Bern
560930,234.6,Dome C (Siegenthaler et al. 2005)  measured at University of Bern
561309,234.1,Dome C (Siegenthaler et al. 2005)  measured at University of Bern
561846,240.1,Dome C (Siegenthaler et al. 2005)  measured at University of Bern
562272,242.3,Dome C (Siegenthaler et al. 2005)  measured at University of Bern
562690,245.7,Dome C (Siegenthaler et al. 2005)  measured at University of Bern
563115,245.8,Dome C (Siegenthaler et al. 2005)  measured at University of Bern
563517,247.6,Dome C (Siegenthaler et al. 2005)  measured at University of Bern
563918,251.4,Dome C (Siegenthaler et al. 2005)  measured at University of Bern
564311,252.4,Dome C (Siegenthaler et al. 2005)  measured at University of Bern
564699,252.6,Dome C (Siegenthaler et al. 2005)  measured at University of Bern
565077,251.4,Dome C (Siegenthaler et al. 2005)  measured at University of Bern
565466,253.7,Dome C (Siegenthaler et al. 2005)  measured at University of Bern
565851,254.3,Dome C (Siegenthaler et al. 2005)  measured at University of Bern
566233,253.9,Dome C (Siegenthaler et al. 2005)  measured at University of Bern
566619,254.5,Dome C (Siegenthaler et al. 2005)  measured at University of Bern
567007,253.2,Dome C (Siegenthaler et al. 2005)  measured at University of Bern
567381,253.9,Dome C (Siegenthaler et al. 2005)  measured at University of Bern
567777,252.8,Dome C (Siegenthaler et al. 2005)  measured at University of Bern
568167,253,Dome C (Siegenthaler et al. 2005)  measured at University of Bern
568556,250.2,Dome C (Siegenthaler et al. 2005)  measured at University of Bern
568946,251.3,Dome C (Siegenthaler et al. 2005)  measured at University of Bern
569331,250,Dome C (Siegenthaler et al. 2005)  measured at University of Bern
569728,251.3,Dome C (Siegenthaler et al. 2005)  measured at University of Bern
570139,251.8,Dome C (Siegenthaler et al. 2005)  measured at University of Bern
570548,251.8,Dome C (Siegenthaler et al. 2005)  measured at University of Bern
570955,249.6,Dome C (Siegenthaler et al. 2005)  measured at University of Bern
571367,251.6,Dome C (Siegenthaler et al. 2005)  measured at University of Bern
571775,250.3,Dome C (Siegenthaler et al. 2005)  measured at University of Bern
572190,246.3,Dome C (Siegenthaler et al. 2005)  measured at University of Bern
572619,247.7,Dome C (Siegenthaler et al. 2005)  measured at University of Bern
573037,249.2,Dome C (Siegenthaler et al. 2005)  measured at University of Bern
573462,248.7,Dome C (Siegenthaler et al. 2005)  measured at University of Bern
573902,251.8,Dome C (Siegenthaler et al. 2005)  measured at University of Bern
574353,251.9,Dome C (Siegenthaler et al. 2005)  measured at University of Bern
574803,252.1,Dome C (Siegenthaler et al. 2005)  measured at University of Bern
575265,248.9,Dome C (Siegenthaler et al. 2005)  measured at University of Bern
575730,252.5,Dome C (Siegenthaler et al. 2005)  measured at University of Bern
576222,252.9,Dome C (Siegenthaler et al. 2005)  measured at University of Bern
576723,251.3,Dome C (Siegenthaler et al. 2005)  measured at University of Bern
577242,251.3,Dome C (Siegenthaler et al. 2005)  measured at University of Bern
577769,251.1,Dome C (Siegenthaler et al. 2005)  measured at University of Bern
578305,249.1,Dome C (Siegenthaler et al. 2005)  measured at University of Bern
578857,252.9,Dome C (Siegenthaler et al. 2005)  measured at University of Bern
579435,251.5,Dome C (Siegenthaler et al. 2005)  measured at University of Bern
579821,244.1,Dome C (Siegenthaler et al. 2005)  measured at University of Bern
580019,243.8,Dome C (Siegenthaler et al. 2005)  measured at University of Bern
580400,236.2,Dome C (Siegenthaler et al. 2005)  measured at University of Bern
580695,230.3,Dome C (Siegenthaler et al. 2005)  measured at University of Bern
581160,225.2,Dome C (Siegenthaler et al. 2005)  measured at University of Bern
581507,219.4,Dome C (Siegenthaler et al. 2005)  measured at University of Bern
582000,215.4,Dome C (Siegenthaler et al. 2005)  measured at University of Bern
582391,209.9,Dome C (Siegenthaler et al. 2005)  measured at University of Bern
583034,206.7,Dome C (Siegenthaler et al. 2005)  measured at University of Bern
583413,210.6,Dome C (Siegenthaler et al. 2005)  measured at University of Bern
586406,224,Dome C (Siegenthaler et al. 2005)  measured at University of Bern
586893,226,Dome C (Siegenthaler et al. 2005)  measured at University of Bern
587647,234.4,Dome C (Siegenthaler et al. 2005)  measured at University of Bern
588034,238.8,Dome C (Siegenthaler et al. 2005)  measured at University of Bern
588716,246.3,Dome C (Siegenthaler et al. 2005)  measured at University of Bern
589224,250.2,Dome C (Siegenthaler et al. 2005)  measured at University of Bern
589868,248.1,Dome C (Siegenthaler et al. 2005)  measured at University of Bern
590335,243.6,Dome C (Siegenthaler et al. 2005)  measured at University of Bern
590893,237.4,Dome C (Siegenthaler et al. 2005)  measured at University of Bern
592279,225.7,Dome C (Siegenthaler et al. 2005)  measured at University of Bern
592697,229.4,Dome C (Siegenthaler et al. 2005)  measured at University of Bern
593415,233.2,Dome C (Siegenthaler et al. 2005)  measured at University of Bern
593870,238.1,Dome C (Siegenthaler et al. 2005)  measured at University of Bern
594639,238,Dome C (Siegenthaler et al. 2005)  measured at University of Bern
595189,232.9,Dome C (Siegenthaler et al. 2005)  measured at University of Bern
595950,221.2,Dome C (Siegenthaler et al. 2005)  measured at University of Bern
596515,216.4,Dome C (Siegenthaler et al. 2005)  measured at University of Bern
597443,216.3,Dome C (Siegenthaler et al. 2005)  measured at University of Bern
597966,219,Dome C (Siegenthaler et al. 2005)  measured at University of Bern
598833,226,Dome C (Siegenthaler et al. 2005)  measured at University of Bern
599434,229.4,Dome C (Siegenthaler et al. 2005)  measured at University of Bern
600882,232.5,Dome C (Siegenthaler et al. 2005)  measured at University of Bern
602278,237.9,Dome C (Siegenthaler et al. 2005)  measured at University of Bern
603673,239.1,Dome C (Siegenthaler et al. 2005)  measured at University of Bern
605076,244.5,Dome C (Siegenthaler et al. 2005)  measured at University of Bern
606374,248.5,Dome C (Siegenthaler et al. 2005)  measured at University of Bern
607708,254.6,Dome C (Siegenthaler et al. 2005)  measured at University of Bern
608929,259.2,Dome C (Siegenthaler et al. 2005)  measured at University of Bern
610136,257.7,Dome C (Siegenthaler et al. 2005)  measured at University of Bern
611319,259.6,Dome C (Siegenthaler et al. 2005)  measured at University of Bern
612514,258,Dome C (Siegenthaler et al. 2005)  measured at University of Bern
613709,256,Dome C (Siegenthaler et al. 2005)  measured at University of Bern
614923,252.5,Dome C (Siegenthaler et al. 2005)  measured at University of Bern
616227,252.4,Dome C (Siegenthaler et al. 2005)  measured at University of Bern
617544,252.3,Dome C (Siegenthaler et al. 2005)  measured at University of Bern
618955,247.9,Dome C (Siegenthaler et al. 2005)  measured at University of Bern
620338,245.4,Dome C (Siegenthaler et al. 2005)  measured at University of Bern
621760,243,Dome C (Siegenthaler et al. 2005)  measured at University of Bern
623214,238.6,Dome C (Siegenthaler et al. 2005)  measured at University of Bern
624690,237.3,Dome C (Siegenthaler et al. 2005)  measured at University of Bern
625570,234.3,Dome C (Siegenthaler et al. 2005)  measured at University of Bern
626215,227.8,Dome C (Siegenthaler et al. 2005)  measured at University of Bern
627211,214.9,Dome C (Siegenthaler et al. 2005)  measured at University of Bern
627999,205,Dome C (Siegenthaler et al. 2005)  measured at University of Bern
629446,198.7,Dome C (Siegenthaler et al. 2005)  measured at University of Bern
630295,199.9,Dome C (Siegenthaler et al. 2005)  measured at University of Bern
632001,199.5,Dome C (Siegenthaler et al. 2005)  measured at University of Bern
632856,195.6,Dome C (Siegenthaler et al. 2005)  measured at University of Bern
634592,192.1,Dome C (Siegenthaler et al. 2005)  measured at University of Bern
635489,193.9,Dome C (Siegenthaler et al. 2005)  measured at University of Bern
636957,193,Dome C (Siegenthaler et al. 2005)  measured at University of Bern
638127,194.3,Dome C (Siegenthaler et al. 2005)  measured at University of Bern
639848,187.7,Dome C (Siegenthaler et al. 2005)  measured at University of Bern
640760,189.1,Dome C (Siegenthaler et al. 2005)  measured at University of Bern
642405,190.2,Dome C (Siegenthaler et al. 2005)  measured at University of Bern
643204,190.4,Dome C (Siegenthaler et al. 2005)  measured at University of Bern
644662,194.1,Dome C (Siegenthaler et al. 2005)  measured at University of Bern
645470,194.6,Dome C (Siegenthaler et al. 2005)  measured at University of Bern
646723,188.6,Dome C (Siegenthaler et al. 2005)  measured at University of Bern
647588,190.5,Dome C (Siegenthaler et al. 2005)  measured at University of Bern
648946,192.1,Dome C (Siegenthaler et al. 2005)  measured at University of Bern
649598,194.8,Dome C (Siegenthaler et al. 2005)  measured at University of Bern
650891,187.8,Dome C (Siegenthaler et al. 2005)  measured at University of Bern
651556,192,Dome C (Siegenthaler et al. 2005)  measured at University of Bern
652802,185.8,Dome C (Siegenthaler et al. 2005)  measured at University of Bern
653448,185.3,Dome C (Siegenthaler et al. 2005)  measured at University of Bern
654473,191.3,Dome C (Siegenthaler et al. 2005)  measured at University of Bern
655202,193.2,Dome C (Siegenthaler et al. 2005)  measured at University of Bern
656286,198.4,Dome C (Siegenthaler et al. 2005)  measured at University of Bern
656882,198.7,Dome C (Siegenthaler et al. 2005)  measured at University of Bern
657923,191.3,Dome C (Siegenthaler et al. 2005)  measured at University of Bern
658474,189.2,Dome C (Siegenthaler et al. 2005)  measured at University of Bern
659524,182.4,Dome C (Siegenthaler et al. 2005)  measured at University of Bern
660084,183.9,Dome C (Siegenthaler et al. 2005)  measured at University of Bern
660981,186.6,Dome C (Siegenthaler et al. 2005)  measured at University of Bern
661650,189.8,Dome C (Siegenthaler et al. 2005)  measured at University of Bern
662669,187.8,Dome C (Siegenthaler et al. 2005)  measured at University of Bern
663206,189,Dome C (Siegenthaler et al. 2005)  measured at University of Bern
664192,189.1,Dome C (Siegenthaler et al. 2005)  measured at University of Bern
664690,185.8,Dome C (Siegenthaler et al. 2005)  measured at University of Bern
665645,178.2,Dome C (Luethi et al. (sub)) measured at University of Bern
666174,178.5,Dome C (Luethi et al. (sub)) measured at University of Bern
666995,172.7,Dome C (Luethi et al. (sub)) measured at University of Bern
667569,171.6,Dome C (Luethi et al. (sub)) measured at University of Bern
668447,175.6,Dome C (Luethi et al. (sub)) measured at University of Bern
668934,178.5,Dome C (Luethi et al. (sub)) measured at University of Bern
669751,185.5,Dome C (Luethi et al. (sub)) measured at University of Bern
670176,189.3,Dome C (Luethi et al. (sub)) measured at University of Bern
670916,192.6,Dome C (Luethi et al. (sub)) measured at University of Bern
671286,194.6,Dome C (Luethi et al. (sub)) measured at University of Bern
671926,192.5,Dome C (Luethi et al. (sub)) measured at University of Bern
672386,194.8,Dome C (Luethi et al. (sub)) measured at University of Bern
673095,198.7,Dome C (Luethi et al. (sub)) measured at University of Bern
673475,202.3,Dome C (Luethi et al. (sub)) measured at University of Bern
674173,209.2,Dome C (Luethi et al. (sub)) measured at University of Bern
674521,213.7,Dome C (Luethi et al. (sub)) measured at University of Bern
675589,220,Dome C (Luethi et al. (sub)) measured at University of Bern
676170,217.4,Dome C (Luethi et al. (sub)) measured at University of Bern
676524,214,Dome C (Luethi et al. (sub)) measured at University of Bern
677068,215.6,Dome C (Luethi et al. (sub)) measured at University of Bern
677380,217.4,Dome C (Luethi et al. (sub)) measured at University of Bern
677984,226.5,Dome C (Luethi et al. (sub)) measured at University of Bern
678291,230,Dome C (Luethi et al. (sub)) measured at University of Bern
678914,230.8,Dome C (Luethi et al. (sub)) measured at University of Bern
679252,230.3,Dome C (Luethi et al. (sub)) measured at University of Bern
679732,223,Dome C (Luethi et al. (sub)) measured at University of Bern
680081,225,Dome C (Luethi et al. (sub)) measured at University of Bern
680608,218.4,Dome C (Luethi et al. (sub)) measured at University of Bern
680920,216.2,Dome C (Luethi et al. (sub)) measured at University of Bern
681531,217.3,Dome C (Luethi et al. (sub)) measured at University of Bern
681849,219.7,Dome C (Luethi et al. (sub)) measured at University of Bern
682446,222.6,Dome C (Luethi et al. (sub)) measured at University of Bern
682762,221.3,Dome C (Luethi et al. (sub)) measured at University of Bern
683262,218.7,Dome C (Luethi et al. (sub)) measured at University of Bern
683612,217.5,Dome C (Luethi et al. (sub)) measured at University of Bern
684142,217.5,Dome C (Luethi et al. (sub)) measured at University of Bern
684419,219.4,Dome C (Luethi et al. (sub)) measured at University of Bern
684949,219.5,Dome C (Luethi et al. (sub)) measured at University of Bern
685217,219.7,Dome C (Luethi et al. (sub)) measured at University of Bern
685716,223.5,Dome C (Luethi et al. (sub)) measured at University of Bern
685980,224.4,Dome C (Luethi et al. (sub)) measured at University of Bern
686425,224.3,Dome C (Luethi et al. (sub)) measured at University of Bern
686726,227.3,Dome C (Luethi et al. (sub)) measured at University of Bern
687227,228.7,Dome C (Luethi et al. (sub)) measured at University of Bern
687470,228.8,Dome C (Luethi et al. (sub)) measured at University of Bern
687949,232.3,Dome C (Luethi et al. (sub)) measured at University of Bern
688195,233,Dome C (Luethi et al. (sub)) measured at University of Bern
688652,235.8,Dome C (Luethi et al. (sub)) measured at University of Bern
688881,234.9,Dome C (Luethi et al. (sub)) measured at University of Bern
689304,235.8,Dome C (Luethi et al. (sub)) measured at University of Bern
689603,239.9,Dome C (Luethi et al. (sub)) measured at University of Bern
690057,235.6,Dome C (Luethi et al. (sub)) measured at University of Bern
690294,234.8,Dome C (Luethi et al. (sub)) measured at University of Bern
690771,240,Dome C (Luethi et al. (sub)) measured at University of Bern
690999,234,Dome C (Luethi et al. (sub)) measured at University of Bern
691432,235.6,Dome C (Luethi et al. (sub)) measured at University of Bern
691672,236.6,Dome C (Luethi et al. (sub)) measured at University of Bern
692057,235.5,Dome C (Luethi et al. (sub)) measured at University of Bern
692338,235.9,Dome C (Luethi et al. (sub)) measured at University of Bern
692765,232.9,Dome C (Luethi et al. (sub)) measured at University of Bern
692990,234.8,Dome C (Luethi et al. (sub)) measured at University of Bern
693433,234.1,Dome C (Luethi et al. (sub)) measured at University of Bern
693639,234.1,Dome C (Luethi et al. (sub)) measured at University of Bern
694068,235.4,Dome C (Luethi et al. (sub)) measured at University of Bern
694300,234.4,Dome C (Luethi et al. (sub)) measured at University of Bern
694672,235.8,Dome C (Luethi et al. (sub)) measured at University of Bern
694941,236.9,Dome C (Luethi et al. (sub)) measured at University of Bern
695383,236.7,Dome C (Luethi et al. (sub)) measured at University of Bern
695618,237.6,Dome C (Luethi et al. (sub)) measured at University of Bern
696062,234.6,Dome C (Luethi et al. (sub)) measured at University of Bern
696287,234.8,Dome C (Luethi et al. (sub)) measured at University of Bern
696717,235.4,Dome C (Luethi et al. (sub)) measured at University of Bern
696963,232.9,Dome C (Luethi et al. (sub)) measured at University of Bern
697331,232.4,Dome C (Luethi et al. (sub)) measured at University of Bern
697660,232.2,Dome C (Luethi et al. (sub)) measured at University of Bern
698120,231,Dome C (Luethi et al. (sub)) measured at University of Bern
698386,228,Dome C (Luethi et al. (sub)) measured at University of Bern
698880,226.4,Dome C (Luethi et al. (sub)) measured at University of Bern
699102,227.7,Dome C (Luethi et al. (sub)) measured at University of Bern
699633,227.6,Dome C (Luethi et al. (sub)) measured at University of Bern
699909,226,Dome C (Luethi et al. (sub)) measured at University of Bern
700389,228.7,Dome C (Luethi et al. (sub)) measured at University of Bern
700744,227.6,Dome C (Luethi et al. (sub)) measured at University of Bern
701242,228.2,Dome C (Luethi et al. (sub)) measured at University of Bern
701606,228.8,Dome C (Luethi et al. (sub)) measured at University of Bern
702158,229.3,Dome C (Luethi et al. (sub)) measured at University of Bern
702381,230.3,Dome C (Luethi et al. (sub)) measured at University of Bern
702988,232.4,Dome C (Luethi et al. (sub)) measured at University of Bern
703384,232.8,Dome C (Luethi et al. (sub)) measured at University of Bern
703934,231.2,Dome C (Luethi et al. (sub)) measured at University of Bern
704211,231.2,Dome C (Luethi et al. (sub)) measured at University of Bern
704973,233.9,Dome C (Luethi et al. (sub)) measured at University of Bern
705410,228.5,Dome C (Luethi et al. (sub)) measured at University of Bern
706141,228.6,Dome C (Luethi et al. (sub)) measured at University of Bern
706409,228.1,Dome C (Luethi et al. (sub)) measured at University of Bern
709680,219.7,Dome C (Luethi et al. (sub)) measured at University of Bern
710237,220.2,Dome C (Luethi et al. (sub)) measured at University of Bern
711104,218.9,Dome C (Luethi et al. (sub)) measured at University of Bern
711421,218.7,Dome C (Luethi et al. (sub)) measured at University of Bern
712833,218.5,Dome C (Luethi et al. (sub)) measured at University of Bern
713843,222.3,Dome C (Luethi et al. (sub)) measured at University of Bern
714288,221.7,Dome C (Luethi et al. (sub)) measured at University of Bern
715180,217.7,Dome C (Luethi et al. (sub)) measured at University of Bern
715750,222.1,Dome C (Luethi et al. (sub)) measured at University of Bern
716704,208.1,Dome C (Luethi et al. (sub)) measured at University of Bern
717065,205,Dome C (Luethi et al. (sub)) measured at University of Bern
718064,192.9,Dome C (Luethi et al. (sub)) measured at University of Bern
718779,184.3,Dome C (Luethi et al. (sub)) measured at University of Bern
719794,187.8,Dome C (Luethi et al. (sub)) measured at University of Bern
720337,195.2,Dome C (Luethi et al. (sub)) measured at University of Bern
721318,206.3,Dome C (Luethi et al. (sub)) measured at University of Bern
722039,211.3,Dome C (Luethi et al. (sub)) measured at University of Bern
723133,213.4,Dome C (Luethi et al. (sub)) measured at University of Bern
723464,213.2,Dome C (Luethi et al. (sub)) measured at University of Bern
724445,210.3,Dome C (Luethi et al. (sub)) measured at University of Bern
725059,206.3,Dome C (Luethi et al. (sub)) measured at University of Bern
725937,206.6,Dome C (Luethi et al. (sub)) measured at University of Bern
726322,208.1,Dome C (Luethi et al. (sub)) measured at University of Bern
727192,204.5,Dome C (Luethi et al. (sub)) measured at University of Bern
727732,205.5,Dome C (Luethi et al. (sub)) measured at University of Bern
728568,205.1,Dome C (Luethi et al. (sub)) measured at University of Bern
728921,205.4,Dome C (Luethi et al. (sub)) measured at University of Bern
730299,204,Dome C (Luethi et al. (sub)) measured at University of Bern
730949,204.1,Dome C (Luethi et al. (sub)) measured at University of Bern
731329,204.9,Dome C (Luethi et al. (sub)) measured at University of Bern
732141,203.8,Dome C (Luethi et al. (sub)) measured at University of Bern
732548,205.9,Dome C (Luethi et al. (sub)) measured at University of Bern
733261,203.9,Dome C (Luethi et al. (sub)) measured at University of Bern
733543,204.4,Dome C (Luethi et al. (sub)) measured at University of Bern
734223,205.3,Dome C (Luethi et al. (sub)) measured at University of Bern
734604,207.4,Dome C (Luethi et al. (sub)) measured at University of Bern
735167,201.7,Dome C (Luethi et al. (sub)) measured at University of Bern
735459,201.3,Dome C (Luethi et al. (sub)) measured at University of Bern
736079,204.1,Dome C (Luethi et al. (sub)) measured at University of Bern
736460,209.7,Dome C (Luethi et al. (sub)) measured at University of Bern
737034,208.1,Dome C (Luethi et al. (sub)) measured at University of Bern
737266,211.3,Dome C (Luethi et al. (sub)) measured at University of Bern
737889,210.6,Dome C (Luethi et al. (sub)) measured at University of Bern
738272,206.5,Dome C (Luethi et al. (sub)) measured at University of Bern
738844,200.3,Dome C (Luethi et al. (sub)) measured at University of Bern
739137,197.8,Dome C (Luethi et al. (sub)) measured at University of Bern
739842,185,Dome C (Luethi et al. (sub)) measured at University of Bern
740277,178.9,Dome C (Luethi et al. (sub)) measured at University of Bern
741021,178.6,Dome C (Luethi et al. (sub)) measured at University of Bern
741307,176.6,Dome C (Luethi et al. (sub)) measured at University of Bern
742075,177.9,Dome C (Luethi et al. (sub)) measured at University of Bern
742558,182.3,Dome C (Luethi et al. (sub)) measured at University of Bern
743233,181.7,Dome C (Luethi et al. (sub)) measured at University of Bern
743589,180.4,Dome C (Luethi et al. (sub)) measured at University of Bern
744354,181.2,Dome C (Luethi et al. (sub)) measured at University of Bern
744843,182,Dome C (Luethi et al. (sub)) measured at University of Bern
745836,180.2,Dome C (Luethi et al. (sub)) measured at University of Bern
746643,183.1,Dome C (Luethi et al. (sub)) measured at University of Bern
747110,180.8,Dome C (Luethi et al. (sub)) measured at University of Bern
747759,180.8,Dome C (Luethi et al. (sub)) measured at University of Bern
748101,180.4,Dome C (Luethi et al. (sub)) measured at University of Bern
748913,181.4,Dome C (Luethi et al. (sub)) measured at University of Bern
749401,182.9,Dome C (Luethi et al. (sub)) measured at University of Bern
750194,184.8,Dome C (Luethi et al. (sub)) measured at University of Bern
750476,184,Dome C (Luethi et al. (sub)) measured at University of Bern
751301,186.2,Dome C (Luethi et al. (sub)) measured at University of Bern
751830,190.1,Dome C (Luethi et al. (sub)) measured at University of Bern
752605,188,Dome C (Luethi et al. (sub)) measured at University of Bern
752978,196.5,Dome C (Luethi et al. (sub)) measured at University of Bern
753984,191.5,Dome C (Luethi et al. (sub)) measured at University of Bern
754394,195.8,Dome C (Luethi et al. (sub)) measured at University of Bern
755241,200.5,Dome C (Luethi et al. (sub)) measured at University of Bern
755495,201.9,Dome C (Luethi et al. (sub)) measured at University of Bern
756357,206,Dome C (Luethi et al. (sub)) measured at University of Bern
756871,210.7,Dome C (Luethi et al. (sub)) measured at University of Bern
757561,215,Dome C (Luethi et al. (sub)) measured at University of Bern
757962,219.2,Dome C (Luethi et al. (sub)) measured at University of Bern
758259,215.3,Dome C (Luethi et al. (sub)) measured at University of Bern
758475,217.6,Dome C (Luethi et al. (sub)) measured at University of Bern
758883,217.9,Dome C (Luethi et al. (sub)) measured at University of Bern
759306,214.9,Dome C (Luethi et al. (sub)) measured at University of Bern
760202,208.8,Dome C (Luethi et al. (sub)) measured at University of Bern
760500,206.9,Dome C (Luethi et al. (sub)) measured at University of Bern
761453,206.1,Dome C (Luethi et al. (sub)) measured at University of Bern
762064,212,Dome C (Luethi et al. (sub)) measured at University of Bern
762871,216,Dome C (Luethi et al. (sub)) measured at University of Bern
763319,215,Dome C (Luethi et al. (sub)) measured at University of Bern
763686,225.7,Dome C (Luethi et al. (sub)) measured at University of Bern
763934,221.4,Dome C (Luethi et al. (sub)) measured at University of Bern
764249,224.1,Dome C (Luethi et al. (sub)) measured at University of Bern
764833,222.6,Dome C (Luethi et al. (sub)) measured at University of Bern
765735,216.8,Dome C (Luethi et al. (sub)) measured at University of Bern
766110,215.7,Dome C (Luethi et al. (sub)) measured at University of Bern
767096,213.5,Dome C (Luethi et al. (sub)) measured at University of Bern
767737,217.7,Dome C (Luethi et al. (sub)) measured at University of Bern
768655,222.4,Dome C (Luethi et al. (sub)) measured at University of Bern
769050,221.4,Dome C (Luethi et al. (sub)) measured at University of Bern
769514,228.1,Dome C (Luethi et al. (sub)) measured at University of Bern
769787,226,Dome C (Luethi et al. (sub)) measured at University of Bern
770133,231.5,Dome C (Luethi et al. (sub)) measured at University of Bern
770447,235.6,Dome C (Luethi et al. (sub)) measured at University of Bern
770724,238.2,Dome C (Luethi et al. (sub)) measured at University of Bern
770994,235.6,Dome C (Luethi et al. (sub)) measured at University of Bern
771260,237.7,Dome C (Luethi et al. (sub)) measured at University of Bern
771708,229.5,Dome C (Luethi et al. (sub)) measured at University of Bern
772076,230.9,Dome C (Luethi et al. (sub)) measured at University of Bern
773043,230,Dome C (Luethi et al. (sub)) measured at University of Bern
773680,233.3,Dome C (Luethi et al. (sub)) measured at University of Bern
774548,236.9,Dome C (Luethi et al. (sub)) measured at University of Bern
775051,240.5,Dome C (Luethi et al. (sub)) measured at University of Bern
776037,238.8,Dome C (Luethi et al. (sub)) measured at University of Bern
776636,243.9,Dome C (Luethi et al. (sub)) measured at University of Bern
777556,246.3,Dome C (Luethi et al. (sub)) measured at University of Bern
777900,246.1,Dome C (Luethi et al. (sub)) measured at University of Bern
778798,245.8,Dome C (Luethi et al. (sub)) measured at University of Bern
779364,243.9,Dome C (Luethi et al. (sub)) measured at University of Bern
780268,248.5,Dome C (Luethi et al. (sub)) measured at University of Bern
780612,242.8,Dome C (Luethi et al. (sub)) measured at University of Bern
781535,248.7,Dome C (Luethi et al. (sub)) measured at University of Bern
782059,246.2,Dome C (Luethi et al. (sub)) measured at University of Bern
783263,252.1,Dome C (Luethi et al. (sub)) measured at University of Bern
784147,246.9,Dome C (Luethi et al. (sub)) measured at University of Bern
784692,250.7,Dome C (Luethi et al. (sub)) measured at University of Bern
785413,253.3,Dome C (Luethi et al. (sub)) measured at University of Bern
785789,255.4,Dome C (Luethi et al. (sub)) measured at University of Bern
786587,260.3,Dome C (Luethi et al. (sub)) measured at University of Bern
787076,256.9,Dome C (Luethi et al. (sub)) measured at University of Bern
787805,248.1,Dome C (Luethi et al. (sub)) measured at University of Bern
788033,247.9,Dome C (Luethi et al. (sub)) measured at University of Bern
788887,229.5,Dome C (Luethi et al. (sub)) measured at University of Bern
789381,226.3,Dome C (Luethi et al. (sub)) measured at University of Bern
790153,218.2,Dome C (Luethi et al. (sub)) measured at University of Bern
790538,221.3,Dome C (Luethi et al. (sub)) measured at University of Bern
791491,215.4,Dome C (Luethi et al. (sub)) measured at University of Bern
792081,205.1,Dome C (Luethi et al. (sub)) measured at University of Bern
792943,204,Dome C (Luethi et al. (sub)) measured at University of Bern
793260,209,Dome C (Luethi et al. (sub)) measured at University of Bern
794608,199.4,Dome C (Luethi et al. (sub)) measured at University of Bern
795202,195.2,Dome C (Luethi et al. (sub)) measured at University of Bern
796467,189.3,Dome C (Luethi et al. (sub)) measured at University of Bern
797099,188.4,Dome C (Luethi et al. (sub)) measured at University of Bern
798512,191,Dome C (Luethi et al. (sub)) measured at University of Bern
